Rutgers University	https://en.wikipedia.org/wiki/Rutgers_University
Russia	https://en.wikipedia.org/wiki/Russia
Bryan Douglas Brown	https://en.wikipedia.org/wiki/Bryan_D._Brown
Jaroslaw Kalinowski	https://en.wikipedia.org/wiki/Jaros%C5%82aw_Kalinowski
Larry Craig	https://en.wikipedia.org/wiki/Larry_Craig
Mario Gomez	https://en.wikipedia.org/wiki/Mario_G%C3%B3mez
Kristalina Georgieva	https://en.wikipedia.org/wiki/Kristalina_Georgieva
Daniel Robert Glickman	https://en.wikipedia.org/wiki/Dan_Glickman
Martine Aubry	https://en.wikipedia.org/wiki/Martine_Aubry
Larry Pressler	https://en.wikipedia.org/wiki/Larry_Pressler
Hilda Lucia Solis	https://en.wikipedia.org/wiki/Hilda_Solis
Panagiotis Pikrammenos	https://en.wikipedia.org/wiki/Panagiotis_Pikrammenos
Józef Oleksy	https://en.wikipedia.org/wiki/J%C3%B3zef_Oleksy
Nilde Iotti	https://en.wikipedia.org/wiki/Nilde_Iotti
Pablo Medina	https://en.wikipedia.org/wiki/Pablo_Medina
South Asia	https://en.wikipedia.org/wiki/South_Asia
James Arbuthnot	https://en.wikipedia.org/wiki/James_Arbuthnot
Republican Proposal	https://en.wikipedia.org/wiki/Republican_Proposal
Jochen Borchert	https://en.wikipedia.org/wiki/Jochen_Borchert
Sam Brownback	https://en.wikipedia.org/wiki/Sam_Brownback
University of Ljubljana	https://en.wikipedia.org/wiki/University_of_Ljubljana
Shintaro Ishihara	https://en.wikipedia.org/wiki/Shintaro_Ishihara
Roscoe G. Bartlett	https://en.wikipedia.org/wiki/Roscoe_Bartlett
Ivailo Kalfin	https://en.wikipedia.org/wiki/Ivailo_Kalfin
Jean-Luc Dehaene	https://en.wikipedia.org/wiki/Jean-Luc_Dehaene
Luis V. Gutierrez	https://en.wikipedia.org/wiki/Luis_Guti%C3%A9rrez
Armen Sarkisyan	https://en.wikipedia.org/wiki/Armen_Sarkissian
University of Nairobi	https://en.wikipedia.org/wiki/University_of_Nairobi
New Zealand Labour Party	https://en.wikipedia.org/wiki/New_Zealand_Labour_Party
Dave Camp	https://en.wikipedia.org/wiki/Dave_Camp
Alina Fernández	https://en.wikipedia.org/wiki/Alina_Fern%C3%A1ndez
United States Southern Command	https://en.wikipedia.org/wiki/United_States_Southern_Command
Dreamworks Animation	https://en.wikipedia.org/wiki/DreamWorks_Animation
Nestor Shufrych	https://en.wikipedia.org/wiki/Nestor_Shufrych
Mouvement Reformateur	https://en.wikipedia.org/wiki/Reformist_Movement
António Vitorino	https://en.wikipedia.org/wiki/Ant%C3%B3nio_Vitorino
Sir Paul Reeves	https://en.wikipedia.org/wiki/Paul_Reeves
Aristides Pereira	https://en.wikipedia.org/wiki/Aristides_Pereira
Carlos Rodado Noriega	https://en.wikipedia.org/wiki/Carlos_Rodado_Noriega
Bill Haslam	https://en.wikipedia.org/wiki/Bill_Haslam
Michael Dukakis	https://en.wikipedia.org/wiki/Michael_Dukakis
Didier Reynders	https://en.wikipedia.org/wiki/Didier_Reynders
Serbian Radical Party	https://en.wikipedia.org/wiki/Serbian_Radical_Party
Lars Barfoed	https://en.wikipedia.org/wiki/Lars_Barfoed
H. R. McMaster	https://en.wikipedia.org/wiki/H._R._McMaster
Mark Kirk	https://en.wikipedia.org/wiki/Mark_Kirk
José Ramón Machado Ventura	https://en.wikipedia.org/wiki/Jos%C3%A9_Ram%C3%B3n_Machado_Ventura
Norm Dicks	https://en.wikipedia.org/wiki/Norm_Dicks
Timothy J. Keating	https://en.wikipedia.org/wiki/Timothy_J._Keating
Nelson Rolihlahla Mandela	https://en.wikipedia.org/wiki/Nelson_Mandela
Bev Perdue	https://en.wikipedia.org/wiki/Bev_Perdue
Pascal Couchepin	https://en.wikipedia.org/wiki/Pascal_Couchepin
Justin Welby	https://en.wikipedia.org/wiki/Justin_Welby
José María Barreda Fontes	https://en.wikipedia.org/wiki/Jos%C3%A9_Mar%C3%ADa_Barreda
David Lange	https://en.wikipedia.org/wiki/David_Lange
Tom Udall	https://en.wikipedia.org/wiki/Tom_Udall
László Kövér	https://en.wikipedia.org/wiki/L%C3%A1szl%C3%B3_K%C3%B6v%C3%A9r
Marek Borowski	https://en.wikipedia.org/wiki/Marek_Borowski
Tom Coburn	https://en.wikipedia.org/wiki/Tom_Coburn
Scottish Liberal Democrats	https://en.wikipedia.org/wiki/Scottish_Liberal_Democrats
Don Manzullo	https://en.wikipedia.org/wiki/Don_Manzullo
Dean Heller	https://en.wikipedia.org/wiki/Dean_Heller
Lon Nol	https://en.wikipedia.org/wiki/Lon_Nol
Movement for France	https://en.wikipedia.org/wiki/Movement_for_France
Blanche Lincoln	https://en.wikipedia.org/wiki/Blanche_Lincoln
Ingvar Carlsson	https://en.wikipedia.org/wiki/Ingvar_Carlsson
Itamar Franco	https://en.wikipedia.org/wiki/Itamar_Franco
Rob Bishop	https://en.wikipedia.org/wiki/Rob_Bishop
Robert Julian Bentley	https://en.wikipedia.org/wiki/Robert_J._Bentley
University of Winnipeg	https://en.wikipedia.org/wiki/University_of_Winnipeg
Bjarne Corydon	https://en.wikipedia.org/wiki/Bjarne_Corydon
Noam Chomsky	https://en.wikipedia.org/wiki/Noam_Chomsky
Romeo LeBlanc	https://en.wikipedia.org/wiki/Rom%C3%A9o_LeBlanc
Rosa Aguilar	https://en.wikipedia.org/wiki/Rosa_Aguilar
Vasile Dîncu	https://en.wikipedia.org/wiki/Vasile_D%C3%AEncu
Christophe Castaner	https://en.wikipedia.org/wiki/Christophe_Castaner
François Patriat	https://en.wikipedia.org/wiki/Fran%C3%A7ois_Patriat
Buryatia	https://en.wikipedia.org/wiki/Buryatia
Galician Nationalist Bloc	https://en.wikipedia.org/wiki/Galician_Nationalist_Bloc
Phil Bryant	https://en.wikipedia.org/wiki/Phil_Bryant
Phil Gingrey	https://en.wikipedia.org/wiki/Phil_Gingrey
Abdalá Bucaram Ortiz	https://en.wikipedia.org/wiki/Abdal%C3%A1_Bucaram
Mikhail Chyhir	https://en.wikipedia.org/wiki/Mikhail_Chigir
Sadiq Khan	https://en.wikipedia.org/wiki/Sadiq_Khan
African Union	https://en.wikipedia.org/wiki/African_Union
Gene Green	https://en.wikipedia.org/wiki/Gene_Green
Tom Feeney	https://en.wikipedia.org/wiki/Tom_Feeney
Celso Lafer	https://en.wikipedia.org/wiki/Celso_Lafer
Ahmad Chalabi	https://en.wikipedia.org/wiki/Ahmed_Chalabi
Josef Lux	https://en.wikipedia.org/wiki/Josef_Lux
Raymond Forni	https://en.wikipedia.org/wiki/Raymond_Forni
Hans Engell	https://en.wikipedia.org/wiki/Hans_Engell
Viktor Pshonka	https://en.wikipedia.org/wiki/Viktor_Pshonka
Luciano Violante	https://en.wikipedia.org/wiki/Luciano_Violante
Tamaz V. Gamkrelidze	https://en.wikipedia.org/wiki/Tamaz_V._Gamkrelidze
Czech Republic	https://en.wikipedia.org/wiki/Czech_Republic
Nordic Council	https://en.wikipedia.org/wiki/Nordic_Council
Nissan	https://en.wikipedia.org/wiki/Nissan
Lionel Jospin	https://en.wikipedia.org/wiki/Lionel_Jospin
Nelly Olin	https://en.wikipedia.org/wiki/Nelly_Olin
Peter Turkson	https://en.wikipedia.org/wiki/Peter_Turkson
Ban Ki Moon	https://en.wikipedia.org/wiki/Ban_Ki-moon
New Flemish Alliance	https://en.wikipedia.org/wiki/New_Flemish_Alliance
Kaoru Yosano	https://en.wikipedia.org/wiki/Kaoru_Yosano
Bruce Edward Babbitt	https://en.wikipedia.org/wiki/Bruce_Babbitt
Colville Young	https://en.wikipedia.org/wiki/Colville_Young
Hal Rogers	https://en.wikipedia.org/wiki/Hal_Rogers
Pavel Astakhov	https://en.wikipedia.org/wiki/Pavel_Astakhov
Malaviya	https://en.wikipedia.org/wiki/Madan_Mohan_Malaviya
Pete Peterson	https://en.wikipedia.org/wiki/Pete_Peterson
Madeira	https://en.wikipedia.org/wiki/Madeira
Milos Zeman	https://en.wikipedia.org/wiki/Milo%C5%A1_Zeman
Andrei Marga	https://en.wikipedia.org/wiki/Andrei_Marga
Gilberto Passos Gil Moreira	https://en.wikipedia.org/wiki/Gilberto_Gil
Urho Kekkonen	https://en.wikipedia.org/wiki/Urho_Kekkonen
Steve Israel	https://en.wikipedia.org/wiki/Steve_Israel
Antonin Scalia	https://en.wikipedia.org/wiki/Antonin_Scalia
Basque Nationalist Party	https://en.wikipedia.org/wiki/Basque_Nationalist_Party
Ion Iliescu	https://en.wikipedia.org/wiki/Ion_Iliescu
Diego García Sayán	https://en.wikipedia.org/wiki/Diego_Garc%C3%ADa-Say%C3%A1n
Ulster Unionist Party	https://en.wikipedia.org/wiki/Ulster_Unionist_Party
Raymond Barre	https://en.wikipedia.org/wiki/Raymond_Barre
Nikos Michaloliakos	https://en.wikipedia.org/wiki/Nikolaos_Michaloliakos
Wim Kok	https://en.wikipedia.org/wiki/Wim_Kok
John Chang	https://en.wikipedia.org/wiki/Chiang_Hsiao-yen
Switzerland	https://en.wikipedia.org/wiki/Switzerland
Anatoly Antonov	https://en.wikipedia.org/wiki/Anatoly_Antonov
Margaret Beckett	https://en.wikipedia.org/wiki/Margaret_Beckett
Abdou Diouf	https://en.wikipedia.org/wiki/Abdou_Diouf
Mircea Druc	https://en.wikipedia.org/wiki/Mircea_Druc
Jörg Haider	https://en.wikipedia.org/wiki/J%C3%B6rg_Haider
Kyoto University	https://en.wikipedia.org/wiki/Kyoto_University
Michel Camdessus	https://en.wikipedia.org/wiki/Michel_Camdessus
David N. Dinkins	https://en.wikipedia.org/wiki/David_Dinkins
Adolfo Aguilar Zínser	https://en.wikipedia.org/wiki/Adolfo_Aguilar_Z%C3%ADnser
Andrew Robathan	https://en.wikipedia.org/wiki/Andrew_Robathan
Rosario Green	https://en.wikipedia.org/wiki/Rosario_Green
Josep Borrell	https://en.wikipedia.org/wiki/Josep_Borrell
Federation Council of Russia	https://en.wikipedia.org/wiki/Federation_Council_(Russia)
Polish Navy	https://en.wikipedia.org/wiki/Polish_Navy
Carlos Santana	https://en.wikipedia.org/wiki/Carlos_Santana
Todor Zhivkov	https://en.wikipedia.org/wiki/Todor_Zhivkov
Harri Holkeri	https://en.wikipedia.org/wiki/Harri_Holkeri
Egyptian Army	https://en.wikipedia.org/wiki/Egyptian_Army
Palaniappan Chidambaram	https://en.wikipedia.org/wiki/P._Chidambaram
New Caledonia	https://en.wikipedia.org/wiki/New_Caledonia
Fausto Bertinotti	https://en.wikipedia.org/wiki/Fausto_Bertinotti
New Komeito Party	https://en.wikipedia.org/wiki/Komeito
Yannis Stournaras	https://en.wikipedia.org/wiki/Yannis_Stournaras
Federico Fabian Peña	https://en.wikipedia.org/wiki/Federico_Pe%C3%B1a
David Trimble	https://en.wikipedia.org/wiki/David_Trimble
Caribbean Community	https://en.wikipedia.org/wiki/Caribbean_Community
Evangelos Basiakos	https://en.wikipedia.org/wiki/Evangelos_Basiakos
Domingo Cavallo	https://en.wikipedia.org/wiki/Domingo_Cavallo
Robert Hue	https://en.wikipedia.org/wiki/Robert_Hue
Patty Murray	https://en.wikipedia.org/wiki/Patty_Murray
Kurt Meyer	https://en.wikipedia.org/wiki/Kurt_Meyer
Hank Johnson	https://en.wikipedia.org/wiki/Hank_Johnson
Sardar Patel	https://en.wikipedia.org/wiki/Vallabhbhai_Patel
Yousaf Raza Gilani	https://en.wikipedia.org/wiki/Yousaf_Raza_Gillani
Tony O'Reilly	https://en.wikipedia.org/wiki/Tony_O%27Reilly
Martha McSally	https://en.wikipedia.org/wiki/Martha_McSally
Howard Coble	https://en.wikipedia.org/wiki/Howard_Coble
Roh Moo Hyun	https://en.wikipedia.org/wiki/Roh_Moo-hyun
Saint Vincent and the Grenadines	https://en.wikipedia.org/wiki/Saint_Vincent_and_the_Grenadines
Mikhail Saakashvili	https://en.wikipedia.org/wiki/Mikheil_Saakashvili
Donald Trump	https://en.wikipedia.org/wiki/Donald_Trump
Sanda Raskovic Ivic	https://en.wikipedia.org/wiki/Sanda_Ra%C5%A1kovi%C4%87_Ivi%C4%87
Australia Greens	https://en.wikipedia.org/wiki/Australian_Greens
Evo Morales	https://en.wikipedia.org/wiki/Evo_Morales
Uganda	https://en.wikipedia.org/wiki/Uganda
Igor Klimov	https://en.wikipedia.org/wiki/Igor_Klimov
Hans-Peter von Kirchbach	https://en.wikipedia.org/wiki/Hans-Peter_von_Kirchbach
Erkki Tuomioja	https://en.wikipedia.org/wiki/Erkki_Tuomioja
Antonio Parra	https://en.wikipedia.org/wiki/Joaqu%C3%ADn_Parra
István Balsai	https://en.wikipedia.org/wiki/Istv%C3%A1n_Balsai
Umberto Bossi	https://en.wikipedia.org/wiki/Umberto_Bossi
Greece	https://en.wikipedia.org/wiki/Greece
Yves Cochet	https://en.wikipedia.org/wiki/Yves_Cochet
Eduardo Zaplana	https://en.wikipedia.org/wiki/Eduardo_Zaplana
John Dennis Hastert	https://en.wikipedia.org/wiki/Dennis_Hastert
Vassilis Kikilias	https://en.wikipedia.org/wiki/Vasilis_Kikilias
David Libai	https://en.wikipedia.org/wiki/David_Libai
Carlos Lemos Simmonds	https://en.wikipedia.org/wiki/Carlos_Lemos_Simmonds
Catherine Tasca	https://en.wikipedia.org/wiki/Catherine_Tasca
Yuriy Borisov	https://en.wikipedia.org/wiki/Yury_Borisov
Francisco Labastida Ochoa	https://en.wikipedia.org/wiki/Francisco_Labastida
Jon L. Kyl	https://en.wikipedia.org/wiki/Jon_Kyl
Victor Ciorbea	https://en.wikipedia.org/wiki/Victor_Ciorbea
Bill Roth	https://en.wikipedia.org/wiki/William_Roth
Marko Mihkelson	https://en.wikipedia.org/wiki/Marko_Mihkelson
Kazuo Kitagawa	https://en.wikipedia.org/wiki/Kazuo_Kitagawa
Nathalie Kosciusko-Morizet	https://en.wikipedia.org/wiki/Nathalie_Kosciusko-Morizet
Sholban Kara-ool	https://en.wikipedia.org/wiki/Sholban_Kara-ool
Gianni De Michelis	https://en.wikipedia.org/wiki/Gianni_De_Michelis
Arkady Dvorkovich	https://en.wikipedia.org/wiki/Arkady_Dvorkovich
Franco Frattini	https://en.wikipedia.org/wiki/Franco_Frattini
Mike Pence	https://en.wikipedia.org/wiki/Mike_Pence
United Kingdom	https://en.wikipedia.org/wiki/United_Kingdom
Rob Wittman	https://en.wikipedia.org/wiki/Rob_Wittman
Liberal Democracy of Slovenia	https://en.wikipedia.org/wiki/Liberal_Democracy_of_Slovenia
Neritan Ceka	https://en.wikipedia.org/wiki/Neritan_Ceka
Mike Enzi	https://en.wikipedia.org/wiki/Mike_Enzi
Predrag Markovic	https://en.wikipedia.org/wiki/Predrag_Markovi%C4%87
Panagiotis Lafazanis	https://en.wikipedia.org/wiki/Panagiotis_Lafazanis
Hranush Hakobyan	https://en.wikipedia.org/wiki/Hranush_Hakobyan
Hasmik Poghosyan	https://en.wikipedia.org/wiki/Hasmik_Poghosyan
José Graziano da Silva	https://en.wikipedia.org/wiki/Jos%C3%A9_Graziano_da_Silva
Oleh Lyashko	https://en.wikipedia.org/wiki/Oleh_Liashko
Vygaudas Ušackas	https://en.wikipedia.org/wiki/Vygaudas_U%C5%A1ackas
José Blanco López	https://en.wikipedia.org/wiki/Jos%C3%A9_Blanco_L%C3%B3pez
Tanzania	https://en.wikipedia.org/wiki/Tanzania
Javier González Garza	https://en.wikipedia.org/wiki/Javier_Gonz%C3%A1lez_Garza
Alejandro Castro Espín	https://en.wikipedia.org/wiki/Alejandro_Castro_Esp%C3%ADn
Sinisa Mali	https://en.wikipedia.org/wiki/Sini%C5%A1a_Mali
Gus Macdonald	https://en.wikipedia.org/wiki/Gus_Macdonald
Umar Farooq	https://en.wikipedia.org/wiki/Umar
Yunus-Bek Yevkurov	https://en.wikipedia.org/wiki/Yunus-bek_Yevkurov
Michel Rocard	https://en.wikipedia.org/wiki/Michel_Rocard
Seni Pramoj	https://en.wikipedia.org/wiki/Seni_Pramoj
Ricardo Gil Lavedra	https://en.wikipedia.org/wiki/Ricardo_Gil_Lavedra
Eamon Gilmore	https://en.wikipedia.org/wiki/Eamon_Gilmore
Oleksandr Turchynov	https://en.wikipedia.org/wiki/Oleksandr_Turchynov
Richard Branson	https://en.wikipedia.org/wiki/Richard_Branson
Wilfried Martens	https://en.wikipedia.org/wiki/Wilfried_Martens
Eli Lilly	https://en.wikipedia.org/wiki/Eli_Lilly
Joseph Parry	https://en.wikipedia.org/wiki/Joseph_Parry
P.C. Alexander	https://en.wikipedia.org/wiki/P._C._Alexander
Brigitte Zypries	https://en.wikipedia.org/wiki/Brigitte_Zypries
Vilnius University	https://en.wikipedia.org/wiki/Vilnius_University
Congress of Deputies	https://en.wikipedia.org/wiki/Congress_of_Deputies
Oskar Lafontaine	https://en.wikipedia.org/wiki/Oskar_Lafontaine
Viktor Alekseyevich Zubkov	https://en.wikipedia.org/wiki/Viktor_Zubkov
Fur	https://en.wikipedia.org/wiki/Fur
Platon Lebedev	https://en.wikipedia.org/wiki/Platon_Lebedev
Bob Taft	https://en.wikipedia.org/wiki/Bob_Taft
Birgitta Jónsdóttir	https://en.wikipedia.org/wiki/Birgitta_J%C3%B3nsd%C3%B3ttir
Monica Lewinsky	https://en.wikipedia.org/wiki/Monica_Lewinsky
David Bakradze	https://en.wikipedia.org/wiki/Davit_Bakradze
Ebrahim Yazdi	https://en.wikipedia.org/wiki/Ebrahim_Yazdi
Michel Temer	https://en.wikipedia.org/wiki/Michel_Temer
Horacio Rodriguez Larreta	https://en.wikipedia.org/wiki/Horacio_Rodr%C3%ADguez_Larreta
Yoshiro Mori	https://en.wikipedia.org/wiki/Yoshir%C5%8D_Mori
Peter DeFazio	https://en.wikipedia.org/wiki/Peter_DeFazio
Adam Daniel Rotfeld	https://en.wikipedia.org/wiki/Adam_Daniel_Rotfeld
Olga Kefalogianni	https://en.wikipedia.org/wiki/Olga_Kefalogianni
Robert L. Ehrlich	https://en.wikipedia.org/wiki/Bob_Ehrlich
Alan Dukes	https://en.wikipedia.org/wiki/Alan_Dukes
Ryan Zinke	https://en.wikipedia.org/wiki/Ryan_Zinke
Nicolai Wammen	https://en.wikipedia.org/wiki/Nicolai_Wammen
Armenia	https://en.wikipedia.org/wiki/Armenia
Meir Sheetrit	https://en.wikipedia.org/wiki/Meir_Sheetrit
Thor Pedersen	https://en.wikipedia.org/wiki/Thor_Pedersen
Strom Thurmond	https://en.wikipedia.org/wiki/Strom_Thurmond
Bernie Sanders	https://en.wikipedia.org/wiki/Bernie_Sanders
Rinat Akhmetov	https://en.wikipedia.org/wiki/Rinat_Akhmetov
Francisco Blake Mora	https://en.wikipedia.org/wiki/Francisco_Blake_Mora
Joseph D. Morrissey	https://en.wikipedia.org/wiki/Joe_Morrissey
Kenneth Lee Salazar	https://en.wikipedia.org/wiki/Ken_Salazar
Janusz Onyszkiewicz	https://en.wikipedia.org/wiki/Janusz_Onyszkiewicz
Stephen Ira Cohen	https://en.wikipedia.org/wiki/Steve_Cohen_(politician)
Marcelo Rebelo de Sousa	https://en.wikipedia.org/wiki/Marcelo_Rebelo_de_Sousa
Camiel Eurlings	https://en.wikipedia.org/wiki/Camiel_Eurlings
Peter Hintze	https://en.wikipedia.org/wiki/Peter_Hintze
Sp.a	https://en.wikipedia.org/wiki/Vooruit_(political_party)
Orange Mali	https://en.wikipedia.org/wiki/Orange_S.A.
Ernesto Samper Pizano	https://en.wikipedia.org/wiki/Ernesto_Samper
Robert Menendez	https://en.wikipedia.org/wiki/Bob_Menendez
Giuseppe Conte	https://en.wikipedia.org/wiki/Giuseppe_Conte
Felipe Calderon	https://en.wikipedia.org/wiki/Felipe_Calder%C3%B3n
Al-Mu'tasim-Billah al-Gaddafi	https://en.wikipedia.org/wiki/Mutassim_Gaddafi
Melanie Schultz van Haegen	https://en.wikipedia.org/wiki/Melanie_Schultz_van_Haegen
Dong Biwu	https://en.wikipedia.org/wiki/Dong_Biwu
Sir Geoffrey Howe	https://en.wikipedia.org/wiki/Geoffrey_Howe
Bob Holden	https://en.wikipedia.org/wiki/Bob_Holden
Maurice Hinchey	https://en.wikipedia.org/wiki/Maurice_Hinchey
Liese Prokop	https://en.wikipedia.org/wiki/Liese_Prokop
Raymond H. LaHood	https://en.wikipedia.org/wiki/Ray_LaHood
Juan Lozano	https://en.wikipedia.org/wiki/Juan_Lozano
Nicaragua	https://en.wikipedia.org/wiki/Nicaragua
Joseph W. Prueher	https://en.wikipedia.org/wiki/Joseph_Prueher
Marek Belka	https://en.wikipedia.org/wiki/Marek_Belka
Eberhard van der Laan	https://en.wikipedia.org/wiki/Eberhard_van_der_Laan
Tarja Halonen	https://en.wikipedia.org/wiki/Tarja_Halonen
Émile Lahoud	https://en.wikipedia.org/wiki/%C3%89mile_Lahoud
Emperor Naruhito	https://en.wikipedia.org/wiki/Naruhito
Steve Buyer	https://en.wikipedia.org/wiki/Steve_Buyer
Ursula von der Leyen	https://en.wikipedia.org/wiki/Ursula_von_der_Leyen
Chadli Bendjedid	https://en.wikipedia.org/wiki/Chadli_Bendjedid
Rena Dourou	https://en.wikipedia.org/wiki/Rena_Dourou
Irene Pivetti	https://en.wikipedia.org/wiki/Irene_Pivetti
Christoph Schönborn	https://en.wikipedia.org/wiki/Christoph_Sch%C3%B6nborn
Abu Bakar Siddique	https://en.wikipedia.org/wiki/Abu_Bakr
Paulino Rivero	https://en.wikipedia.org/wiki/Paulino_Rivero
Sang-Hyun Song	https://en.wikipedia.org/wiki/Song_Sang-hyun
Nguyen Huu Tho	https://en.wikipedia.org/wiki/Nguy%E1%BB%85n_H%E1%BB%AFu_Th%E1%BB%8D
Ignazio Cassis	https://en.wikipedia.org/wiki/Ignazio_Cassis
Barbara Lee	https://en.wikipedia.org/wiki/Barbara_Lee
Volker Kauder	https://en.wikipedia.org/wiki/Volker_Kauder
Milorad Dodik	https://en.wikipedia.org/wiki/Milorad_Dodik
Carroll A. Campbell	https://en.wikipedia.org/wiki/Carroll_A._Campbell_Jr.
Nikola Pejakovic	https://en.wikipedia.org/wiki/Nikola_Pejakovi%C4%87
Lindsey Graham	https://en.wikipedia.org/wiki/Lindsey_Graham
Richard Bryan	https://en.wikipedia.org/wiki/Richard_Bryan
Francisco Aguirre	https://en.wikipedia.org/wiki/Francisco_Aguirre
Rehavam Zeevi	https://en.wikipedia.org/wiki/Rehavam_Ze%27evi
French Communist Party	https://en.wikipedia.org/wiki/French_Communist_Party
Mohammad Habibur Rahman	https://en.wikipedia.org/wiki/Muhammad_Habibur_Rahman
Egon Lánský	https://en.wikipedia.org/wiki/Egon_L%C3%A1nsk%C3%BD
Matthew Festing	https://en.wikipedia.org/wiki/Matthew_Festing
Francisco Santos Calderón	https://en.wikipedia.org/wiki/Francisco_Santos_Calder%C3%B3n
Robert Badinter	https://en.wikipedia.org/wiki/Robert_Badinter
Estonian Reform Party	https://en.wikipedia.org/wiki/Estonian_Reform_Party
José Manuel de la Sota	https://en.wikipedia.org/wiki/Jos%C3%A9_Manuel_de_la_Sota
Milorad Pupovac	https://en.wikipedia.org/wiki/Milorad_Pupovac
Richard Perle	https://en.wikipedia.org/wiki/Richard_Perle
Mikhail Yefimovich Fradkov	https://en.wikipedia.org/wiki/Mikhail_Fradkov
Bojan Pajtić	https://en.wikipedia.org/wiki/Bojan_Pajti%C4%87
Inner Mongolia	https://en.wikipedia.org/wiki/Inner_Mongolia
Gennady Nikolayevich Troshev	https://en.wikipedia.org/wiki/Gennady_Troshev
Christine Egerszegi	https://en.wikipedia.org/wiki/Christine_Egerszegi
Paco Moncayo	https://en.wikipedia.org/wiki/Paco_Moncayo
Ford Motor	https://en.wikipedia.org/wiki/Ford_Motor_Company
North Korea	https://en.wikipedia.org/wiki/North_Korea
Bollywood	https://en.wikipedia.org/wiki/Hindi_cinema
Edmund Szoka	https://en.wikipedia.org/wiki/Edmund_Szoka
Alexander Bastrykin	https://en.wikipedia.org/wiki/Alexander_Bastrykin
Royal Dutch Shell	https://en.wikipedia.org/wiki/Shell_plc
William Hague	https://en.wikipedia.org/wiki/William_Hague
Ivan Kyrylenko	https://en.wikipedia.org/wiki/Ivan_Kyrylenko
Reuven Rivlin	https://en.wikipedia.org/wiki/Reuven_Rivlin
Ahmed Merabet	https://en.wikipedia.org/wiki/Charlie_Hebdo_shooting
Doku Khamatovich Umarov	https://en.wikipedia.org/wiki/Dokka_Umarov
Jordi Pujol i Soley	https://en.wikipedia.org/wiki/Jordi_Pujol
Democratic Left Alliance	https://en.wikipedia.org/wiki/Democratic_Left_Alliance
Tariq Aziz	https://en.wikipedia.org/wiki/Tariq_Aziz
Jacques Toubon	https://en.wikipedia.org/wiki/Jacques_Toubon
Peter Costello	https://en.wikipedia.org/wiki/Peter_Costello
Dick Marty	https://en.wikipedia.org/wiki/Dick_Marty
Ayatollah Mohammad Beheshti	https://en.wikipedia.org/wiki/Mohammad_Beheshti
Secretary of State for Business, Innovation and Skills	https://en.wikipedia.org/wiki/Secretary_of_State_for_Business,_Energy_and_Industrial_Strategy
Michel Delebarre	https://en.wikipedia.org/wiki/Michel_Delebarre
Northern Ireland	https://en.wikipedia.org/wiki/Northern_Ireland
Gurbanguly Berdymukhammedov	https://en.wikipedia.org/wiki/Gurbanguly_Berdimuhamedow
Dick Spring	https://en.wikipedia.org/wiki/Dick_Spring
Achim Steiner	https://en.wikipedia.org/wiki/Achim_Steiner
Adama Coulibaly	https://en.wikipedia.org/wiki/Adama_Coulibaly
Brigitte Bierlein	https://en.wikipedia.org/wiki/Brigitte_Bierlein
Antonio Martino	https://en.wikipedia.org/wiki/Antonio_Martino
Brunei	https://en.wikipedia.org/wiki/Brunei
Boiko Borisov	https://en.wikipedia.org/wiki/Boyko_Borisov
Peer Steinbrück	https://en.wikipedia.org/wiki/Peer_Steinbr%C3%BCck
France Soir	https://en.wikipedia.org/wiki/France-Soir
Joshua Bolten	https://en.wikipedia.org/wiki/Joshua_Bolten
Ron Lewis	https://en.wikipedia.org/wiki/Ron_Lewis
Abdelaziz Bouteflika	https://en.wikipedia.org/wiki/Abdelaziz_Bouteflika
George Osborne	https://en.wikipedia.org/wiki/George_Osborne
Gérard Larcher	https://en.wikipedia.org/wiki/G%C3%A9rard_Larcher
Moderate Party	https://en.wikipedia.org/wiki/Moderate_Party
Universidad del Rosario	https://en.wikipedia.org/wiki/Del_Rosario_University
Deepa Mehta	https://en.wikipedia.org/wiki/Deepa_Mehta
Robert B. Zoellick	https://en.wikipedia.org/wiki/Robert_Zoellick
Five Star Movement	https://en.wikipedia.org/wiki/Five_Star_Movement
Dominique Voynet	https://en.wikipedia.org/wiki/Dominique_Voynet
Nazrul Islam	https://en.wikipedia.org/wiki/Kazi_Nazrul_Islam
Ed Davey	https://en.wikipedia.org/wiki/Ed_Davey
James L. Oberstar	https://en.wikipedia.org/wiki/Jim_Oberstar
Guido Westerwelle	https://en.wikipedia.org/wiki/Guido_Westerwelle
Judith Lewis	https://en.wikipedia.org/wiki/Judy_Lewis
Danilo Astori	https://en.wikipedia.org/wiki/Danilo_Astori
Anne-Marie Lizin	https://en.wikipedia.org/wiki/Anne-Marie_Lizin
Miklos Nemeth	https://en.wikipedia.org/wiki/Mikl%C3%B3s_N%C3%A9meth
Ernst Hirsch Ballin	https://en.wikipedia.org/wiki/Ernst_Hirsch_Ballin
Dmitry Mezentsev	https://en.wikipedia.org/wiki/Dmitry_Mezentsev
Sabine Leutheusser-Schnarrenberger	https://en.wikipedia.org/wiki/Sabine_Leutheusser-Schnarrenberger
American University in Cairo	https://en.wikipedia.org/wiki/The_American_University_in_Cairo
Alan Johnson	https://en.wikipedia.org/wiki/Alan_Johnson
Max Gallo	https://en.wikipedia.org/wiki/Max_Gallo
George Maxwell Richards	https://en.wikipedia.org/wiki/George_Maxwell_Richards
Ze'ev Boim	https://en.wikipedia.org/wiki/Ze%27ev_Boim
Rainer Brüderle	https://en.wikipedia.org/wiki/Rainer_Br%C3%BCderle
Tessa Blackstone	https://en.wikipedia.org/wiki/Tessa_Blackstone,_Baroness_Blackstone
Akis Tsochatzopoulos	https://en.wikipedia.org/wiki/Akis_Tsochatzopoulos
Terry McAuliffe	https://en.wikipedia.org/wiki/Terry_McAuliffe
Beatrix Karl	https://en.wikipedia.org/wiki/Beatrix_Karl
Melania Trump	https://en.wikipedia.org/wiki/Melania_Trump
J. Christopher Stevens	https://en.wikipedia.org/wiki/J._Christopher_Stevens
Le Canard enchaîné	https://en.wikipedia.org/wiki/Le_Canard_encha%C3%AEn%C3%A9
Kasymzhomart Tokayev	https://en.wikipedia.org/wiki/Kassym-Jomart_Tokayev
John Atta Mills	https://en.wikipedia.org/wiki/John_Atta_Mills
David Heathcoat-Amory	https://en.wikipedia.org/wiki/David_Heathcoat-Amory
Democratic Republic of Congo	https://en.wikipedia.org/wiki/Democratic_Republic_of_the_Congo
Ivars Godmanis	https://en.wikipedia.org/wiki/Ivars_Godmanis
Sali Berisha	https://en.wikipedia.org/wiki/Sali_Berisha
Association of Southeast Asian Nations	https://en.wikipedia.org/wiki/ASEAN
Scottish National Party	https://en.wikipedia.org/wiki/Scottish_National_Party
Pierre Laporte	https://en.wikipedia.org/wiki/Pierre_Laporte
Byron L. Dorgan	https://en.wikipedia.org/wiki/Byron_Dorgan
Bob Ainsworth	https://en.wikipedia.org/wiki/Bob_Ainsworth
Vyacheslav Nikonov	https://en.wikipedia.org/wiki/Vyacheslav_Nikonov
Yuriy Kolobov	https://en.wikipedia.org/wiki/Yuriy_Kolobov
Klaus Kinkel	https://en.wikipedia.org/wiki/Klaus_Kinkel
Gianni Letta	https://en.wikipedia.org/wiki/Gianni_Letta
Steve Daines	https://en.wikipedia.org/wiki/Steve_Daines
Alcee L. Hastings	https://en.wikipedia.org/wiki/Alcee_Hastings
José Antonio Meade Kuribreña	https://en.wikipedia.org/wiki/Jos%C3%A9_Antonio_Meade
Stanislav Gross	https://en.wikipedia.org/wiki/Stanislav_Gross
Espen Barth Eide	https://en.wikipedia.org/wiki/Espen_Barth_Eide
Murat Magometovich Zyazikov	https://en.wikipedia.org/wiki/Murat_Zyazikov
Kristina Keneally	https://en.wikipedia.org/wiki/Kristina_Keneally
Longin Pastusiak	https://en.wikipedia.org/wiki/Longin_Pastusiak
Heydar Aliyev	https://en.wikipedia.org/wiki/Heydar_Aliyev
Vodafone	https://en.wikipedia.org/wiki/Vodafone
Lien Chan	https://en.wikipedia.org/wiki/Lien_Chan
Cheddi Jagan	https://en.wikipedia.org/wiki/Cheddi_Jagan
Jim Douglas	https://en.wikipedia.org/wiki/Jim_Douglas
Pavel Rychetský	https://en.wikipedia.org/wiki/Pavel_Rychetsk%C3%BD
Vassilis Rapanos	https://en.wikipedia.org/wiki/Vassilis_Rapanos
Ben Cardin	https://en.wikipedia.org/wiki/Ben_Cardin
Andrés Chadwick	https://en.wikipedia.org/wiki/Andr%C3%A9s_Chadwick
Oliviero Diliberto	https://en.wikipedia.org/wiki/Oliviero_Diliberto
International Security Assistance Force	https://en.wikipedia.org/wiki/International_Security_Assistance_Force
Brazilian Democratic Movement Party	https://en.wikipedia.org/wiki/Brazilian_Democratic_Movement
Haroon al Rashid	https://en.wikipedia.org/wiki/Harun_al-Rashid
Sergio Ramírez Mercado	https://en.wikipedia.org/wiki/Sergio_Ram%C3%ADrez
Brian Baird	https://en.wikipedia.org/wiki/Brian_Baird
Mike Lee	https://en.wikipedia.org/wiki/Mike_Lee
Angelo Sodano	https://en.wikipedia.org/wiki/Angelo_Sodano
Edmundo Pérez Yoma	https://en.wikipedia.org/wiki/Edmundo_P%C3%A9rez_Yoma
Dom Mintoff	https://en.wikipedia.org/wiki/Dom_Mintoff
Corneliu Vadim Tudor	https://en.wikipedia.org/wiki/Corneliu_Vadim_Tudor
Vladimir Rusakevich	https://en.wikipedia.org/wiki/Vladimir_Vasilievich_Rusakevich
Eric Garcetti	https://en.wikipedia.org/wiki/Eric_Garcetti
Mark Rutte	https://en.wikipedia.org/wiki/Mark_Rutte
Jaak Jõerüüt	https://en.wikipedia.org/wiki/Jaak_J%C3%B5er%C3%BC%C3%BCt
Zbigniew Siemiatkowski	https://en.wikipedia.org/wiki/Zbigniew_Siemi%C4%85tkowski
Hans van den Broek	https://en.wikipedia.org/wiki/Hans_van_den_Broek
Alan Milburn	https://en.wikipedia.org/wiki/Alan_Milburn
Thorbjørn Jagland	https://en.wikipedia.org/wiki/Thorbj%C3%B8rn_Jagland
Jesse Jackson Jr.	https://en.wikipedia.org/wiki/Jesse_Jackson_Jr.
Jadranka Kosor	https://en.wikipedia.org/wiki/Jadranka_Kosor
Kamrul Hassan	https://en.wikipedia.org/wiki/Quamrul_Hassan
Emil Constantinescu	https://en.wikipedia.org/wiki/Emil_Constantinescu
Boris Yeltsin	https://en.wikipedia.org/wiki/Boris_Yeltsin
Kolinda Grabar-Kitarović	https://en.wikipedia.org/wiki/Kolinda_Grabar-Kitarovi%C4%87
Wojciech Mojzesowicz	https://en.wikipedia.org/wiki/Wojciech_Mojzesowicz
African National Congress	https://en.wikipedia.org/wiki/African_National_Congress
Jean-François Lamour	https://en.wikipedia.org/wiki/Jean-Fran%C3%A7ois_Lamour
Awa Marie Coll-Seck	https://en.wikipedia.org/wiki/Awa_Marie_Coll-Seck
Irina Yarovaya	https://en.wikipedia.org/wiki/Irina_Yarovaya
Democratic Unionist Party	https://en.wikipedia.org/wiki/Democratic_Unionist_Party
Kiichi Miyazawa	https://en.wikipedia.org/wiki/Kiichi_Miyazawa
Jacqueline Cramer	https://en.wikipedia.org/wiki/Jacqueline_Cramer
Lena Hjelm-Wallén	https://en.wikipedia.org/wiki/Lena_Hjelm-Wall%C3%A9n
Kaspar Villiger	https://en.wikipedia.org/wiki/Kaspar_Villiger
Christian Wulff	https://en.wikipedia.org/wiki/Christian_Wulff
Fred Thompson	https://en.wikipedia.org/wiki/Fred_Thompson
Francois Fillon	https://en.wikipedia.org/wiki/Fran%C3%A7ois_Fillon
Debora Serracchiani	https://en.wikipedia.org/wiki/Debora_Serracchiani
Spyros Kyprianou	https://en.wikipedia.org/wiki/Spyros_Kyprianou
Margaretha af Ugglas	https://en.wikipedia.org/wiki/Margaretha_af_Ugglas
Slobodan Praljak	https://en.wikipedia.org/wiki/Slobodan_Praljak
Moshe Nissim	https://en.wikipedia.org/wiki/Moshe_Nissim
Ali Lutfi	https://en.wikipedia.org/wiki/Aly_Lotfy_Mahmoud
Al-Quds	https://en.wikipedia.org/wiki/Jerusalem
Otto Graf Lambsdorff	https://en.wikipedia.org/wiki/Otto_Graf_Lambsdorff
Jan Kavan	https://en.wikipedia.org/wiki/Jan_Kavan
Paul Ryan	https://en.wikipedia.org/wiki/Paul_Ryan
Truong Chinh	https://en.wikipedia.org/wiki/Tr%C6%B0%E1%BB%9Dng_Chinh
Gaston Thorn	https://en.wikipedia.org/wiki/Gaston_Thorn
Marion Barry	https://en.wikipedia.org/wiki/Marion_Barry
Goran Milojević	https://en.wikipedia.org/wiki/Goran_Milojevi%C4%87
Sorin Cîmpeanu	https://en.wikipedia.org/wiki/Sorin_C%C3%AEmpeanu
Dennis J. Reimer	https://en.wikipedia.org/wiki/Dennis_Reimer
Manfred Stolpe	https://en.wikipedia.org/wiki/Manfred_Stolpe
Giorgi Kvirikashvili	https://en.wikipedia.org/wiki/Giorgi_Kvirikashvili
Nuon Chea	https://en.wikipedia.org/wiki/Nuon_Chea
Soka Gakkai	https://en.wikipedia.org/wiki/Soka_Gakkai
Catholic University of Rio de Janeiro	https://en.wikipedia.org/wiki/Pontifical_Catholic_University_of_Rio_de_Janeiro
Renaud Donnedieu de Vabres	https://en.wikipedia.org/wiki/Renaud_Donnedieu_de_Vabres
Croatia	https://en.wikipedia.org/wiki/Croatia
Kabun Muto	https://en.wikipedia.org/wiki/Kabun_Mut%C5%8D
Martinique	https://en.wikipedia.org/wiki/Martinique
José Vicente Rangel	https://en.wikipedia.org/wiki/Jos%C3%A9_Vicente_Rangel
Óscar Andrés Rodríguez Maradiaga	https://en.wikipedia.org/wiki/%C3%93scar_Rodr%C3%ADguez_Maradiaga
Morocco	https://en.wikipedia.org/wiki/Morocco
Slovak Democratic and Christian Union	https://en.wikipedia.org/wiki/Slovak_Democratic_and_Christian_Union_%E2%80%93_Democratic_Party
Ileana Ros-Lehtinen	https://en.wikipedia.org/wiki/Ileana_Ros-Lehtinen
Cristóbal Montoro	https://en.wikipedia.org/wiki/Crist%C3%B3bal_Montoro
University of Cape Town	https://en.wikipedia.org/wiki/University_of_Cape_Town
Henrik	https://en.wikipedia.org/wiki/Henrik
Valdemar Tomaševski	https://en.wikipedia.org/wiki/Valdemar_Toma%C5%A1evski
Nauru	https://en.wikipedia.org/wiki/Nauru
José Manuel Durão Barroso	https://en.wikipedia.org/wiki/Jos%C3%A9_Manuel_Barroso
Uzbekistan	https://en.wikipedia.org/wiki/Uzbekistan
Bob Carr	https://en.wikipedia.org/wiki/Bob_Carr
Justin Trudeau	https://en.wikipedia.org/wiki/Justin_Trudeau
Soeharto	https://en.wikipedia.org/wiki/Suharto
Queen Beatrix	https://en.wikipedia.org/wiki/Beatrix_of_the_Netherlands
Isabel Carrasco	https://en.wikipedia.org/wiki/Isabel_Carrasco
Yukiya Amano	https://en.wikipedia.org/wiki/Yukiya_Amano
Sardinia	https://en.wikipedia.org/wiki/Sardinia
Victor Ponta	https://en.wikipedia.org/wiki/Victor_Ponta
Luiz Gushiken	https://en.wikipedia.org/wiki/Luiz_Gushiken
Jonas Gahr Støre	https://en.wikipedia.org/wiki/Jonas_Gahr_St%C3%B8re
Stavros Lambrinidis	https://en.wikipedia.org/wiki/Stavros_Lambrinidis
Vasilis Skouris	https://en.wikipedia.org/wiki/Vassilios_Skouris
Jaak Aab	https://en.wikipedia.org/wiki/Jaak_Aab
Ignazio Marino	https://en.wikipedia.org/wiki/Ignazio_Marino
Adobe Systems	https://en.wikipedia.org/wiki/Adobe_Inc.
Otto Stich	https://en.wikipedia.org/wiki/Otto_Stich
Ursula Plassnik	https://en.wikipedia.org/wiki/Ursula_Plassnik
Nabil el-Araby	https://en.wikipedia.org/wiki/Nabil_Elaraby
Nicola Mancino	https://en.wikipedia.org/wiki/Nicola_Mancino
Andriy Parubiy	https://en.wikipedia.org/wiki/Andriy_Parubiy
Canadian Armed Forces	https://en.wikipedia.org/wiki/Canadian_Armed_Forces
Fu Ying	https://en.wikipedia.org/wiki/Fu_Ying
Comcast	https://en.wikipedia.org/wiki/Comcast
Lamar Smith	https://en.wikipedia.org/wiki/Lamar_Smith
Jan Kohout	https://en.wikipedia.org/wiki/Jan_Kohout
Georgios Katrougalos	https://en.wikipedia.org/wiki/Georgios_Katrougalos
Office of the Director of National Intelligence	https://en.wikipedia.org/wiki/Director_of_National_Intelligence
China	https://en.wikipedia.org/wiki/China
Muhammad bin Nayef	https://en.wikipedia.org/wiki/Muhammad_bin_Nayef
Karachay-Cherkessia	https://en.wikipedia.org/wiki/Karachay-Cherkessia
Guillermo Fernández de Soto	https://en.wikipedia.org/wiki/Guillermo_Fern%C3%A1ndez_de_Soto
Enzo Bianco	https://en.wikipedia.org/wiki/Enzo_Bianco
Angela Merkel	https://en.wikipedia.org/wiki/Angela_Merkel
Radek John	https://en.wikipedia.org/wiki/Radek_John
Francois Mitterrand	https://en.wikipedia.org/wiki/Fran%C3%A7ois_Mitterrand
Nikolay Vasilyevich Fyodorov	https://en.wikipedia.org/wiki/Nikolay_Fyodorov_(politician)
Pavel Tigrid	https://en.wikipedia.org/wiki/Pavel_Tigrid
Claudio Martelli	https://en.wikipedia.org/wiki/Claudio_Martelli
Petru Lucinschi	https://en.wikipedia.org/wiki/Petru_Lucinschi
Pilar del Castillo	https://en.wikipedia.org/wiki/Pilar_del_Castillo
Solomon Passy	https://en.wikipedia.org/wiki/Solomon_Passy
Anastasios Peponis	https://en.wikipedia.org/wiki/Anastasios_Peponis
Taro Nakayama	https://en.wikipedia.org/wiki/Taro_Nakayama
Marian Lupu	https://en.wikipedia.org/wiki/Marian_Lupu
Melvin L. Watt	https://en.wikipedia.org/wiki/Mel_Watt
Kristina Köhler	https://en.wikipedia.org/wiki/Kristina_Schr%C3%B6der
Rishi Sunak	https://en.wikipedia.org/wiki/Rishi_Sunak
Dariusz Rosati	https://en.wikipedia.org/wiki/Dariusz_Rosati
Carrie Lam	https://en.wikipedia.org/wiki/Carrie_Lam
Miguel Arraes	https://en.wikipedia.org/wiki/Miguel_Arraes
Wole Soyinka	https://en.wikipedia.org/wiki/Wole_Soyinka
Vladimir Torlopov	https://en.wikipedia.org/wiki/Vladimir_Torlopov
Moshoeshoe II	https://en.wikipedia.org/wiki/Moshoeshoe_II_of_Lesotho
Aivaras Abromavicius	https://en.wikipedia.org/wiki/Aivaras_Abromavi%C4%8Dius
Faroe Islands	https://en.wikipedia.org/wiki/Faroe_Islands
Dennis J. Kucinich	https://en.wikipedia.org/wiki/Dennis_Kucinich
Silvano Tomasi	https://en.wikipedia.org/wiki/Silvano_Maria_Tomasi
Mike McIntyre	https://en.wikipedia.org/wiki/Mike_McIntyre
Pete Geren	https://en.wikipedia.org/wiki/Pete_Geren
Ingrid Betancourt Pulecio	https://en.wikipedia.org/wiki/%C3%8Dngrid_Betancourt
Stephen F. Lynch	https://en.wikipedia.org/wiki/Stephen_F._Lynch
Trinidad Jiménez	https://en.wikipedia.org/wiki/Trinidad_Jim%C3%A9nez
Petur Stoyanov	https://en.wikipedia.org/wiki/Petar_Stoyanov
Glafkos Kliridis	https://en.wikipedia.org/wiki/Glafcos_Clerides
John Bruton	https://en.wikipedia.org/wiki/John_Bruton
Monash University	https://en.wikipedia.org/wiki/Monash_University
Julie Bishop	https://en.wikipedia.org/wiki/Julie_Bishop
Robin Hayes	https://en.wikipedia.org/wiki/Robin_Hayes
Joe Clark	https://en.wikipedia.org/wiki/Joe_Clark
Ronald Pofalla	https://en.wikipedia.org/wiki/Ronald_Pofalla
Aishwarya Rai	https://en.wikipedia.org/wiki/Aishwarya_Rai_Bachchan
Eugenijus Gentvilas	https://en.wikipedia.org/wiki/Eugenijus_Gentvilas
Fotis Kouvelis	https://en.wikipedia.org/wiki/Fotis_Kouvelis
Christian Social Union of Bavaria	https://en.wikipedia.org/wiki/Christian_Social_Union_in_Bavaria
Tim Walberg	https://en.wikipedia.org/wiki/Tim_Walberg
John F. Tierney	https://en.wikipedia.org/wiki/John_F._Tierney
Artur Grigoryan	https://en.wikipedia.org/wiki/Artur_Grigorian
Leo Varadkar	https://en.wikipedia.org/wiki/Leo_Varadkar
Church of England	https://en.wikipedia.org/wiki/Church_of_England
Solidarity Electoral Action	https://en.wikipedia.org/wiki/Solidarity_Electoral_Action
Josip Broz Tito	https://en.wikipedia.org/wiki/Josip_Broz_Tito
Barbara Comstock	https://en.wikipedia.org/wiki/Barbara_Comstock
Luc Chatel	https://en.wikipedia.org/wiki/Luc_Chatel
Mugur Isărescu	https://en.wikipedia.org/wiki/Mugur_Is%C4%83rescu
Federico Mayor	https://en.wikipedia.org/wiki/Federico_Mayor_Zaragoza
Leszek Balcerowicz	https://en.wikipedia.org/wiki/Leszek_Balcerowicz
Gough Whitlam	https://en.wikipedia.org/wiki/Gough_Whitlam
Saud bin Faisal bin Abdul-Aziz	https://en.wikipedia.org/wiki/Saud_bin_Faisal_Al_Saud_(1940%E2%80%932015)
Bhutan	https://en.wikipedia.org/wiki/Bhutan
For Human Rights in United Latvia	https://en.wikipedia.org/wiki/Latvian_Russian_Union
Rumen Radev	https://en.wikipedia.org/wiki/Rumen_Radev
Ali Babacan	https://en.wikipedia.org/wiki/Ali_Babacan
Giorgi Margvelashvili	https://en.wikipedia.org/wiki/Giorgi_Margvelashvili
Dianne Feinstein	https://en.wikipedia.org/wiki/Dianne_Feinstein
Yuri Dmitrievich Budanov	https://en.wikipedia.org/wiki/Yuri_Budanov
Pat McFadden	https://en.wikipedia.org/wiki/Pat_McFadden
Africa	https://en.wikipedia.org/wiki/Africa
Mark Tully	https://en.wikipedia.org/wiki/Mark_Tully
Waseda University	https://en.wikipedia.org/wiki/Waseda_University
Kim Kyong-hui	https://en.wikipedia.org/wiki/Kim_Kyong-hui
Takeshi Onaga	https://en.wikipedia.org/wiki/Takeshi_Onaga
Benazir Bhutto	https://en.wikipedia.org/wiki/Benazir_Bhutto
Norman Yoshio Mineta	https://en.wikipedia.org/wiki/Norman_Mineta
Esko Aho	https://en.wikipedia.org/wiki/Esko_Aho
Palacký University of Olomouc	https://en.wikipedia.org/wiki/Palack%C3%BD_University_Olomouc
Frank Swaelen	https://en.wikipedia.org/wiki/Frank_Swaelen
Andrej Plenkovic	https://en.wikipedia.org/wiki/Andrej_Plenkovi%C4%87
Jon Corzine	https://en.wikipedia.org/wiki/Jon_Corzine
Christine Boutin	https://en.wikipedia.org/wiki/Christine_Boutin
Jorge Rodríguez Grossi	https://en.wikipedia.org/wiki/Jorge_Rodr%C3%ADguez_Grossi
Miguel Arias Cañete	https://en.wikipedia.org/wiki/Miguel_Arias_Ca%C3%B1ete
Francesco Cossiga	https://en.wikipedia.org/wiki/Francesco_Cossiga
Jean-Pierre Raffarin	https://en.wikipedia.org/wiki/Jean-Pierre_Raffarin
Pierre de Villiers	https://en.wikipedia.org/wiki/Pierre_de_Villiers
Crown Prince Haakon	https://en.wikipedia.org/wiki/Haakon,_Crown_Prince_of_Norway
Luigi Di Maio	https://en.wikipedia.org/wiki/Luigi_Di_Maio
Alfredo Pérez Rubalcaba	https://en.wikipedia.org/wiki/Alfredo_P%C3%A9rez_Rubalcaba
Philippe Séguin	https://en.wikipedia.org/wiki/Philippe_S%C3%A9guin
Mao Zedong	https://en.wikipedia.org/wiki/Mao_Zedong
Vladimir Yakunin	https://en.wikipedia.org/wiki/Vladimir_Yakunin
Sir David Richards	https://en.wikipedia.org/wiki/David_Richards,_Baron_Richards_of_Herstmonceux
Maria Zakharova	https://en.wikipedia.org/wiki/Maria_Zakharova
Kiro Gligorov	https://en.wikipedia.org/wiki/Kiro_Gligorov
Reinhold Mitterlehner	https://en.wikipedia.org/wiki/Reinhold_Mitterlehner
Beppe Grillo	https://en.wikipedia.org/wiki/Beppe_Grillo
Brookings Institute	https://en.wikipedia.org/wiki/Brookings_Institution
Jose Eduardo Dos Santos	https://en.wikipedia.org/wiki/Jos%C3%A9_Eduardo_dos_Santos
Volodymyr Ohryzko	https://en.wikipedia.org/wiki/Volodymyr_Ohryzko
Luis Antonio Tagle	https://en.wikipedia.org/wiki/Luis_Antonio_Tagle
Dirk Niebel	https://en.wikipedia.org/wiki/Dirk_Niebel
Nike Inc.	https://en.wikipedia.org/wiki/Nike,_Inc.
Viktor Ishayev	https://en.wikipedia.org/wiki/Viktor_Ishayev
Vietnam	https://en.wikipedia.org/wiki/Vietnam
Karla Peijs	https://en.wikipedia.org/wiki/Karla_Peijs
Russian Navy	https://en.wikipedia.org/wiki/Russian_Navy
Murphy J. Foster	https://en.wikipedia.org/wiki/Murphy_J._Foster
Sushil Kumar	https://en.wikipedia.org/wiki/Sushil_Kumar
Naoki Inose	https://en.wikipedia.org/wiki/Naoki_Inose
Chris Patten	https://en.wikipedia.org/wiki/Chris_Patten
Chris Dodd	https://en.wikipedia.org/wiki/Chris_Dodd
Cardinal Desmond Connell	https://en.wikipedia.org/wiki/Desmond_Connell
Institutional Revolutionary Party	https://en.wikipedia.org/wiki/Institutional_Revolutionary_Party
Erhard Busek	https://en.wikipedia.org/wiki/Erhard_Busek
José Ramos-Horta	https://en.wikipedia.org/wiki/Jos%C3%A9_Ramos-Horta
Tammy Baldwin	https://en.wikipedia.org/wiki/Tammy_Baldwin
Izmit	https://en.wikipedia.org/wiki/%C4%B0zmit
Barbara Cubin	https://en.wikipedia.org/wiki/Barbara_Cubin
Boeing	https://en.wikipedia.org/wiki/Boeing
Jim Molan	https://en.wikipedia.org/wiki/Jim_Molan
Ulrike Lunacek	https://en.wikipedia.org/wiki/Ulrike_Lunacek
Hosni Mubarak	https://en.wikipedia.org/wiki/Hosni_Mubarak
Paavo Lipponen	https://en.wikipedia.org/wiki/Paavo_Lipponen
Secretary of State for Northern Ireland	https://en.wikipedia.org/wiki/Secretary_of_State_for_Northern_Ireland
Raleb Majadele	https://en.wikipedia.org/wiki/Raleb_Majadele
John Kasich	https://en.wikipedia.org/wiki/John_Kasich
Joseph Stalin	https://en.wikipedia.org/wiki/Joseph_Stalin
National Security and Defense Council	https://en.wikipedia.org/wiki/National_Security_and_Defense_Council_of_Ukraine
Sebastián Piñera	https://en.wikipedia.org/wiki/Sebasti%C3%A1n_Pi%C3%B1era
Sovereign Military Hospitaller Order of Saint John of Jerusalem of Rhodes and of Malta	https://en.wikipedia.org/wiki/Sovereign_Military_Order_of_Malta
El Salvador	https://en.wikipedia.org/wiki/El_Salvador
Viktor Stepanov	https://en.wikipedia.org/wiki/Viktor_Stepanov
Party of the Democratic Revolution	https://en.wikipedia.org/wiki/Party_of_the_Democratic_Revolution
House of Representatives of Japan	https://en.wikipedia.org/wiki/House_of_Representatives_(Japan)
Hirofumi Nakasone	https://en.wikipedia.org/wiki/Hirofumi_Nakasone
Michael Mullen	https://en.wikipedia.org/wiki/Michael_Mullen
Ivan Calin	https://en.wikipedia.org/wiki/Ivan_Calin
Oleksandr Kuzmuk	https://en.wikipedia.org/wiki/Oleksandr_Kuzmuk
Ratan Tata	https://en.wikipedia.org/wiki/Ratan_Tata
Arkady Rotenberg	https://en.wikipedia.org/wiki/Arkady_Rotenberg
Narendra Modi	https://en.wikipedia.org/wiki/Narendra_Modi
Marietta Giannakou	https://en.wikipedia.org/wiki/Marietta_Giannakou
Rihards Piks	https://en.wikipedia.org/wiki/Rihards_P%C4%ABks
Ewa Kopacz	https://en.wikipedia.org/wiki/Ewa_Kopacz
Vladimir Mikhailovich Filippov	https://en.wikipedia.org/wiki/Vladimir_Filippov_(politician)
Armed Forces of the Russian Federation	https://en.wikipedia.org/wiki/Russian_Armed_Forces
Jane Harman	https://en.wikipedia.org/wiki/Jane_Harman
Aníbal Fernández	https://en.wikipedia.org/wiki/An%C3%ADbal_Fern%C3%A1ndez
Michael W. Hagee	https://en.wikipedia.org/wiki/Michael_Hagee
Green League	https://en.wikipedia.org/wiki/Green_League
Sheikh Hamad bin Khalifa al-Thani	https://en.wikipedia.org/wiki/Hamad_bin_Khalifa_Al_Thani
Alberto Fernández	https://en.wikipedia.org/wiki/Alberto_Fern%C3%A1ndez
Valerie Trierweiler	https://en.wikipedia.org/wiki/Val%C3%A9rie_Trierweiler
Zbigniew Messner	https://en.wikipedia.org/wiki/Zbigniew_Messner
Süleyman Demirel	https://en.wikipedia.org/wiki/S%C3%BCleyman_Demirel
Martin Stropnický	https://en.wikipedia.org/wiki/Martin_Stropnick%C3%BD
Navarre	https://en.wikipedia.org/wiki/Navarre
Royal Air Force	https://en.wikipedia.org/wiki/Royal_Air_Force
Alexandr Vondra	https://en.wikipedia.org/wiki/Alexandr_Vondra
Volker Rühe	https://en.wikipedia.org/wiki/Volker_R%C3%BChe
Carolina Barco Isakson	https://en.wikipedia.org/wiki/Carolina_Barco
Michel Roger	https://en.wikipedia.org/wiki/Michel_Roger
Peter Pilz	https://en.wikipedia.org/wiki/Peter_Pilz
Middle East	https://en.wikipedia.org/wiki/Middle_East
Karachai	https://en.wikipedia.org/wiki/Karachays
Aleksandar Vučić	https://en.wikipedia.org/wiki/Aleksandar_Vu%C4%8Di%C4%87
Morgan Tsvangirai	https://en.wikipedia.org/wiki/Morgan_Tsvangirai
László Békesi	https://en.wikipedia.org/wiki/L%C3%A1szl%C3%B3_B%C3%A9kesi
Secretary of State for Wales	https://en.wikipedia.org/wiki/Secretary_of_State_for_Wales
Wojciech Jaruzelski	https://en.wikipedia.org/wiki/Wojciech_Jaruzelski
Social Democratic Party of Austria	https://en.wikipedia.org/wiki/Social_Democratic_Party_of_Austria
Luiz Inacio Lula Da Silva	https://en.wikipedia.org/wiki/Luiz_In%C3%A1cio_Lula_da_Silva
Bill Shorten	https://en.wikipedia.org/wiki/Bill_Shorten
William J. Fallon	https://en.wikipedia.org/wiki/William_J._Fallon
Adolfo Rodríguez Saá	https://en.wikipedia.org/wiki/Adolfo_Rodr%C3%ADguez_Sa%C3%A1
Celso Amorim	https://en.wikipedia.org/wiki/Celso_Amorim
Amitabh Bachchan	https://en.wikipedia.org/wiki/Amitabh_Bachchan
Oswaldo Payá	https://en.wikipedia.org/wiki/Oswaldo_Pay%C3%A1
Hanja Maij-Weggen	https://en.wikipedia.org/wiki/Hanja_Maij-Weggen
Anna Diamantopoulou	https://en.wikipedia.org/wiki/Anna_Diamantopoulou
Rashed Khan Menon	https://en.wikipedia.org/wiki/Rashed_Khan_Menon
Akshay Kumar	https://en.wikipedia.org/wiki/Akshay_Kumar
Ghana	https://en.wikipedia.org/wiki/Ghana
New Democratic Party	https://en.wikipedia.org/wiki/New_Democratic_Party
Antti Kalliomäki	https://en.wikipedia.org/wiki/Antti_Kalliom%C3%A4ki
Pedro Pablo Kuczynski	https://en.wikipedia.org/wiki/Pedro_Pablo_Kuczynski
Stipe Mesic	https://en.wikipedia.org/wiki/Stjepan_Mesi%C4%87
Rebiya Kadeer	https://en.wikipedia.org/wiki/Rebiya_Kadeer
Alekos Papadopoulos	https://en.wikipedia.org/wiki/Alekos_Papadopoulos
Anand Satyanand	https://en.wikipedia.org/wiki/Anand_Satyanand
Klagenfurt	https://en.wikipedia.org/wiki/Klagenfurt
Audi	https://en.wikipedia.org/wiki/Audi
Jamie Dimon	https://en.wikipedia.org/wiki/Jamie_Dimon
Carlo Azeglio Ciampi	https://en.wikipedia.org/wiki/Carlo_Azeglio_Ciampi
Alexandre José Maria dos Santos	https://en.wikipedia.org/wiki/Alexandre_Jos%C3%A9_Maria_dos_Santos
Paul Wellstone	https://en.wikipedia.org/wiki/Paul_Wellstone
Mario Barletta	https://en.wikipedia.org/wiki/Mario_Barletta
Augusto Pinochet	https://en.wikipedia.org/wiki/Augusto_Pinochet
Eduard Hellvig	https://en.wikipedia.org/wiki/Eduard_Hellvig
Norbert Röttgen	https://en.wikipedia.org/wiki/Norbert_R%C3%B6ttgen
Jens Weidmann	https://en.wikipedia.org/wiki/Jens_Weidmann
Pavel Dostál	https://en.wikipedia.org/wiki/Pavel_Dost%C3%A1l
Jay Weatherill	https://en.wikipedia.org/wiki/Jay_Weatherill
Nikolay Mladenov	https://en.wikipedia.org/wiki/Nickolay_Mladenov
Srgjan Kerim	https://en.wikipedia.org/wiki/Srgjan_Kerim
Peter Pace	https://en.wikipedia.org/wiki/Peter_Pace
Marcelo Ebrard	https://en.wikipedia.org/wiki/Marcelo_Ebrard
Søren Gade	https://en.wikipedia.org/wiki/S%C3%B8ren_Gade
Luisa Fernanda Rudi Úbeda	https://en.wikipedia.org/wiki/Luisa_Fernanda_Rudi
Mikhail Myasnikovich	https://en.wikipedia.org/wiki/Mikhail_Myasnikovich
Arseniy Yatsenyuk	https://en.wikipedia.org/wiki/Arseniy_Yatsenyuk
Yusuf al-Qaradawi	https://en.wikipedia.org/wiki/Yusuf_al-Qaradawi
Arun Jaitley	https://en.wikipedia.org/wiki/Arun_Jaitley
Archy Kirkwood	https://en.wikipedia.org/wiki/Archy_Kirkwood
Ferenc Mádl	https://en.wikipedia.org/wiki/Ferenc_M%C3%A1dl
Alvaro Uribe Velez	https://en.wikipedia.org/wiki/%C3%81lvaro_Uribe
Ken Calvert	https://en.wikipedia.org/wiki/Ken_Calvert
Yuriy Kravchenko	https://en.wikipedia.org/wiki/Yuriy_Kravchenko
Robert Jones Portman	https://en.wikipedia.org/wiki/Rob_Portman
Barbara A. Mikulski	https://en.wikipedia.org/wiki/Barbara_Mikulski
Jorge Pacheco Areco	https://en.wikipedia.org/wiki/Jorge_Pacheco_Areco
Aryeh Deri	https://en.wikipedia.org/wiki/Aryeh_Deri
Panos Panagiotopoulos	https://en.wikipedia.org/wiki/Panos_Panagiotopoulos
Sam Nunn	https://en.wikipedia.org/wiki/Sam_Nunn
Land Forces Command	https://en.wikipedia.org/wiki/Canadian_Army
Audronius Ažubalis	https://en.wikipedia.org/wiki/Audronius_A%C5%BEubalis
Japan	https://en.wikipedia.org/wiki/Japan
Andrés Velasco	https://en.wikipedia.org/wiki/Andr%C3%A9s_Velasco
Karel Schwarzenberg	https://en.wikipedia.org/wiki/Karel_Schwarzenberg
Ben Shalom Bernanke	https://en.wikipedia.org/wiki/Ben_Bernanke
Sosuke Uno	https://en.wikipedia.org/wiki/S%C5%8Dsuke_Uno
Prem Tinsulanonda	https://en.wikipedia.org/wiki/Prem_Tinsulanonda
Ali Kafi	https://en.wikipedia.org/wiki/Ali_Kafi
Piotr Kolodziejczyk	https://en.wikipedia.org/wiki/Piotr_Ko%C5%82odziejczyk
Pontificia Universidad Catolica del Peru	https://en.wikipedia.org/wiki/Pontifical_Catholic_University_of_Peru
John David Ashcroft	https://en.wikipedia.org/wiki/John_Ashcroft
Greg Abbott	https://en.wikipedia.org/wiki/Greg_Abbott
Raymond W. Kelly	https://en.wikipedia.org/wiki/Raymond_Kelly
Mariano Rajoy Brey	https://en.wikipedia.org/wiki/Mariano_Rajoy
Miguel Ángel Fernández Ordóñez	https://en.wikipedia.org/wiki/Miguel_%C3%81ngel_Fern%C3%A1ndez_Ord%C3%B3%C3%B1ez
Cameron Kerry	https://en.wikipedia.org/wiki/Cameron_Kerry
Dilma Rousseff	https://en.wikipedia.org/wiki/Dilma_Rousseff
Curacao	https://en.wikipedia.org/wiki/Cura%C3%A7ao
Julio Casas Regueiro	https://en.wikipedia.org/wiki/Julio_Casas_Regueiro
John Howard	https://en.wikipedia.org/wiki/John_Howard
Boris Johnson	https://en.wikipedia.org/wiki/Boris_Johnson
Greg Clark	https://en.wikipedia.org/wiki/Greg_Clark
John Claggett Danforth	https://en.wikipedia.org/wiki/John_Danforth
Gregory Mankiw	https://en.wikipedia.org/wiki/Greg_Mankiw
Andrzej Czuma	https://en.wikipedia.org/wiki/Andrzej_Czuma
Nikos Dendias	https://en.wikipedia.org/wiki/Nikos_Dendias
Caroline Kennedy	https://en.wikipedia.org/wiki/Caroline_Kennedy
Géza Jeszenszky	https://en.wikipedia.org/wiki/G%C3%A9za_Jeszenszky
John Ripin Miller	https://en.wikipedia.org/wiki/John_Miller_(Washington_politician)
Aamir Khan	https://en.wikipedia.org/wiki/Aamir_Khan
Alejandro González Alcocer	https://en.wikipedia.org/wiki/Alejandro_Gonz%C3%A1lez_Alcocer
Yury Mikhaylovich Luzhkov	https://en.wikipedia.org/wiki/Yury_Luzhkov
Tom Cotton	https://en.wikipedia.org/wiki/Tom_Cotton
NASA	https://en.wikipedia.org/wiki/NASA
Maria van der Hoeven	https://en.wikipedia.org/wiki/Maria_van_der_Hoeven
Carlos Gaviria Díaz	https://en.wikipedia.org/wiki/Carlos_Gaviria_D%C3%ADaz
Koen Geens	https://en.wikipedia.org/wiki/Koen_Geens
Sir George Young	https://en.wikipedia.org/wiki/George_Young,_Baron_Young_of_Cookham
Kim Jong Un	https://en.wikipedia.org/wiki/Kim_Jong-un
Carlos Holguín Sardi	https://en.wikipedia.org/wiki/Carlos_Holgu%C3%ADn_Sardi
Edith Cresson	https://en.wikipedia.org/wiki/%C3%89dith_Cresson
Abolhassan Bani-Sadr	https://en.wikipedia.org/wiki/Abolhassan_Banisadr
Benita Ferrero-Waldner	https://en.wikipedia.org/wiki/Benita_Ferrero-Waldner
Nationalist Movement Party	https://en.wikipedia.org/wiki/Nationalist_Movement_Party
Roberta Pinotti	https://en.wikipedia.org/wiki/Roberta_Pinotti
C. W. Bill Young	https://en.wikipedia.org/wiki/Bill_Young
Rick Boucher	https://en.wikipedia.org/wiki/Rick_Boucher
Anson Chan	https://en.wikipedia.org/wiki/Anson_Chan
David Wu	https://en.wikipedia.org/wiki/David_Wu
Martín Lousteau	https://en.wikipedia.org/wiki/Mart%C3%ADn_Lousteau
Muhammad ibn Salman	https://en.wikipedia.org/wiki/Mohammed_bin_Salman
Vilma Espín	https://en.wikipedia.org/wiki/Vilma_Esp%C3%ADn
Gambia	https://en.wikipedia.org/wiki/The_Gambia
Cyril Svoboda	https://en.wikipedia.org/wiki/Cyril_Svoboda
Carlos Soria	https://en.wikipedia.org/wiki/Carlos_Soria
Gustavo Petro	https://en.wikipedia.org/wiki/Gustavo_Petro
Jacques Diouf	https://en.wikipedia.org/wiki/Jacques_Diouf
Olympia J. Snowe	https://en.wikipedia.org/wiki/Olympia_Snowe
Valeriy Ivashchenko	https://en.wikipedia.org/wiki/Valeriy_Ivaschenko
Raul Mälk	https://en.wikipedia.org/wiki/Raul_M%C3%A4lk
Virgin Islands, British	https://en.wikipedia.org/wiki/British_Virgin_Islands
Ali Abbasov	https://en.wikipedia.org/wiki/Ali_Abbasov
Ahmed Yassin	https://en.wikipedia.org/wiki/Ahmed_Yassin
World Bank	https://en.wikipedia.org/wiki/World_Bank
Wales	https://en.wikipedia.org/wiki/Wales
Kersti Kaljulaid	https://en.wikipedia.org/wiki/Kersti_Kaljulaid
Yerevan State University	https://en.wikipedia.org/wiki/Yerevan_State_University
Secretary of State for Communities and Local Government	https://en.wikipedia.org/wiki/Secretary_of_State_for_Levelling_Up,_Housing_and_Communities
Navjot Singh Sidhu	https://en.wikipedia.org/wiki/Navjot_Singh_Sidhu
John R. Allen	https://en.wikipedia.org/wiki/John_R._Allen
Amnesty International	https://en.wikipedia.org/wiki/Amnesty_International
Borut Pahor	https://en.wikipedia.org/wiki/Borut_Pahor
Roberto Maroni	https://en.wikipedia.org/wiki/Roberto_Maroni
Kristian Jensen	https://en.wikipedia.org/wiki/Kristian_Jensen
Michael Sommer	https://en.wikipedia.org/wiki/Michael_Sommer
Greta Thunberg	https://en.wikipedia.org/wiki/Greta_Thunberg
Paolo Romani	https://en.wikipedia.org/wiki/Paolo_Romani
Colleen Hanabusa	https://en.wikipedia.org/wiki/Colleen_Hanabusa
Vlasta Parkanová	https://en.wikipedia.org/wiki/Vlasta_Parkanov%C3%A1
Ashok Kumar	https://en.wikipedia.org/wiki/Ashok_Kumar
Fernando Haddad	https://en.wikipedia.org/wiki/Fernando_Haddad
Ginny Brown-Waite	https://en.wikipedia.org/wiki/Ginny_Brown-Waite
Efraim Sneh	https://en.wikipedia.org/wiki/Efraim_Sneh
María Jesús Montero	https://en.wikipedia.org/wiki/Mar%C3%ADa_Jes%C3%BAs_Montero
Isle of Man	https://en.wikipedia.org/wiki/Isle_of_Man
Colombia	https://en.wikipedia.org/wiki/Colombia
Lakshmi Mittal	https://en.wikipedia.org/wiki/Lakshmi_Mittal
Sikander Bakht	https://en.wikipedia.org/wiki/Sikander_Bakht
Angus King	https://en.wikipedia.org/wiki/Angus_King
Harald Ringstorff	https://en.wikipedia.org/wiki/Harald_Ringstorff
Yisrael Meir Lau	https://en.wikipedia.org/wiki/Yisrael_Meir_Lau
Yevgeny Shevchuk	https://en.wikipedia.org/wiki/Yevgeny_Shevchuk
Björn von Sydow	https://en.wikipedia.org/wiki/Bj%C3%B6rn_von_Sydow
Shelley Moore Capito	https://en.wikipedia.org/wiki/Shelley_Moore_Capito
Lincoln Diaz-Balart	https://en.wikipedia.org/wiki/Lincoln_D%C3%ADaz-Balart
Jeanine Hennis-Plasschaert	https://en.wikipedia.org/wiki/Jeanine_Hennis-Plasschaert
Daniel Friedmann	https://en.wikipedia.org/wiki/Daniel_Friedmann
Khaled bin Sultan	https://en.wikipedia.org/wiki/Khalid_bin_Sultan_Al_Saud
Mark Simmonds	https://en.wikipedia.org/wiki/Mark_Simmonds
Nestor Kirchner	https://en.wikipedia.org/wiki/N%C3%A9stor_Kirchner
Abul Maal Abdul Muhith	https://en.wikipedia.org/wiki/Abul_Maal_Abdul_Muhith
Hans Blix	https://en.wikipedia.org/wiki/Hans_Blix
Petteri Orpo	https://en.wikipedia.org/wiki/Petteri_Orpo
Mount Athos	https://en.wikipedia.org/wiki/Mount_Athos
Janko Bobetko	https://en.wikipedia.org/wiki/Janko_Bobetko
Dmytro Tabachnyk	https://en.wikipedia.org/wiki/Dmytro_Tabachnyk
Panasonic	https://en.wikipedia.org/wiki/Panasonic
Petr Pithart	https://en.wikipedia.org/wiki/Petr_Pithart
Fernando Flores	https://en.wikipedia.org/wiki/Fernando_Flores
Pamela Wallin	https://en.wikipedia.org/wiki/Pamela_Wallin
Claude Janiak	https://en.wikipedia.org/wiki/Claude_Janiak
Clemente Mastella	https://en.wikipedia.org/wiki/Clemente_Mastella
Geoff Hoon	https://en.wikipedia.org/wiki/Geoff_Hoon
Ivan Gasparovic	https://en.wikipedia.org/wiki/Ivan_Ga%C5%A1parovi%C4%8D
Gaston Flosse	https://en.wikipedia.org/wiki/Gaston_Flosse
Tsakhiagiyn Elbegdorj	https://en.wikipedia.org/wiki/Tsakhiagiin_Elbegdorj
Togo	https://en.wikipedia.org/wiki/Togo
Kim Il Sung	https://en.wikipedia.org/wiki/Kim_Il-sung
National Coalition Party	https://en.wikipedia.org/wiki/National_Coalition_Party
Cristina Fernández de Kirchner	https://en.wikipedia.org/wiki/Cristina_Fern%C3%A1ndez_de_Kirchner
Edelgard Bulmahn	https://en.wikipedia.org/wiki/Edelgard_Bulmahn
Hage Geingob	https://en.wikipedia.org/wiki/Hage_Geingob
Lockheed Martin	https://en.wikipedia.org/wiki/Lockheed_Martin
Oliver North	https://en.wikipedia.org/wiki/Oliver_North
Lee Kun-hee	https://en.wikipedia.org/wiki/Lee_Kun-hee
Khushwant Singh	https://en.wikipedia.org/wiki/Khushwant_Singh
Larissa Waters	https://en.wikipedia.org/wiki/Larissa_Waters
University of Ottawa	https://en.wikipedia.org/wiki/University_of_Ottawa
Mariano Palacios Alcocer	https://en.wikipedia.org/wiki/Mariano_Palacios_Alcocer
Krishan Kant	https://en.wikipedia.org/wiki/Krishan_Kant
James G. Stavridis	https://en.wikipedia.org/wiki/James_G._Stavridis
Jan Egeland	https://en.wikipedia.org/wiki/Jan_Egeland
Dominique De Villepin	https://en.wikipedia.org/wiki/Dominique_de_Villepin
Liliane Bettencourt	https://en.wikipedia.org/wiki/Liliane_Bettencourt
Adrienne Clarkson	https://en.wikipedia.org/wiki/Adrienne_Clarkson
Dominic Raab	https://en.wikipedia.org/wiki/Dominic_Raab
Tasos Mitsopoulos	https://en.wikipedia.org/wiki/Tasos_Mitsopoulos
Mart Helme	https://en.wikipedia.org/wiki/Mart_Helme
Mateusz Morawiecki	https://en.wikipedia.org/wiki/Mateusz_Morawiecki
Volodymyr Yelchenko	https://en.wikipedia.org/wiki/Volodymyr_Yelchenko
Giulio Andreotti	https://en.wikipedia.org/wiki/Giulio_Andreotti
Andrea Nahles	https://en.wikipedia.org/wiki/Andrea_Nahles
Ólöf Nordal	https://en.wikipedia.org/wiki/%C3%93l%C3%B6f_Nordal
Norodom Sihamoni	https://en.wikipedia.org/wiki/Norodom_Sihamoni
Guusje ter Horst	https://en.wikipedia.org/wiki/Guusje_ter_Horst
Bob Goodlatte	https://en.wikipedia.org/wiki/Bob_Goodlatte
Edward Babiuch	https://en.wikipedia.org/wiki/Edward_Babiuch
Xavier Darcos	https://en.wikipedia.org/wiki/Xavier_Darcos
Democratic Cambodia	https://en.wikipedia.org/wiki/Democratic_Kampuchea
New Era Party	https://en.wikipedia.org/wiki/New_Era_Party
Fethullah Gulen	https://en.wikipedia.org/wiki/Fethullah_G%C3%BClen
Eliane Karp	https://en.wikipedia.org/wiki/Eliane_Karp
Abu Bakr al-Baghdadi	https://en.wikipedia.org/wiki/Abu_Bakr_al-Baghdadi
Jeff Bezos	https://en.wikipedia.org/wiki/Jeff_Bezos
Juan Barahona	https://en.wikipedia.org/wiki/Juan_Barahona
Joel Villanueva	https://en.wikipedia.org/wiki/Joel_Villanueva
French Army	https://en.wikipedia.org/wiki/French_Army
Argentine Football Association	https://en.wikipedia.org/wiki/Argentine_Football_Association
Andrei Plesu	https://en.wikipedia.org/wiki/Andrei_Ple%C8%99u
Rumiana Jeleva	https://en.wikipedia.org/wiki/Rumiana_Jeleva
Wilbur Ross	https://en.wikipedia.org/wiki/Wilbur_Ross
Celia Villalobos	https://en.wikipedia.org/wiki/Celia_Villalobos
Kurt Bodewig	https://en.wikipedia.org/wiki/Kurt_Bodewig
Petros Molyviatis	https://en.wikipedia.org/wiki/Petros_Molyviatis
Antonio Cafiero	https://en.wikipedia.org/wiki/Antonio_Cafiero
Rotary International	https://en.wikipedia.org/wiki/Rotary_International
Open University	https://en.wikipedia.org/wiki/Open_University
Law and Justice Party	https://en.wikipedia.org/wiki/Law_and_Justice
Edith Schippers	https://en.wikipedia.org/wiki/Edith_Schippers
Christian Sautter	https://en.wikipedia.org/wiki/Christian_Sautter
Shirin Ebadi	https://en.wikipedia.org/wiki/Shirin_Ebadi
Pol Pot	https://en.wikipedia.org/wiki/Pol_Pot
Caroline Spelman	https://en.wikipedia.org/wiki/Caroline_Spelman
England	https://en.wikipedia.org/wiki/England
Hans-Gert Pöttering	https://en.wikipedia.org/wiki/Hans-Gert_P%C3%B6ttering
Madagascar	https://en.wikipedia.org/wiki/Madagascar
Scott Garrett	https://en.wikipedia.org/wiki/Scott_Garrett
Cornelia Pieper	https://en.wikipedia.org/wiki/Cornelia_Pieper
Pierre Bayle	https://en.wikipedia.org/wiki/Pierre_Bayle
Akhmad Abdulkhamidovich Kadyrov	https://en.wikipedia.org/wiki/Akhmad_Kadyrov
Seamus Brennan	https://en.wikipedia.org/wiki/S%C3%A9amus_Brennan
Julio Cesar Turbay Ayala	https://en.wikipedia.org/wiki/Julio_C%C3%A9sar_Turbay_Ayala
Jean-François Hory	https://en.wikipedia.org/wiki/Jean-Fran%C3%A7ois_Hory
Gregory W. Meeks	https://en.wikipedia.org/wiki/Gregory_Meeks
Marcus Agius	https://en.wikipedia.org/wiki/Marcus_Agius
Recep Tayyip Erdoğan	https://en.wikipedia.org/wiki/Recep_Tayyip_Erdo%C4%9Fan
Jaipal Reddy	https://en.wikipedia.org/wiki/Jaipal_Reddy
Mohammed V University	https://en.wikipedia.org/wiki/Mohammed_V_University
Universidade de São Paulo	https://en.wikipedia.org/wiki/University_of_S%C3%A3o_Paulo
Saxby Chambliss	https://en.wikipedia.org/wiki/Saxby_Chambliss
Melchior Wathelet	https://en.wikipedia.org/wiki/Melchior_Wathelet
Émile Zuccarelli	https://en.wikipedia.org/wiki/%C3%89mile_Zuccarelli
Ash Carter	https://en.wikipedia.org/wiki/Ash_Carter
Papua New Guinea	https://en.wikipedia.org/wiki/Papua_New_Guinea
Fernando Caceres	https://en.wikipedia.org/wiki/Fernando_C%C3%A1ceres
Tommy McAvoy	https://en.wikipedia.org/wiki/Tommy_McAvoy
Alfonso Pecoraro Scanio	https://en.wikipedia.org/wiki/Alfonso_Pecoraro_Scanio
Ian Paisley	https://en.wikipedia.org/wiki/Ian_Paisley
Pavel Fischer	https://en.wikipedia.org/wiki/Pavel_Fischer
Rahul Gandhi	https://en.wikipedia.org/wiki/Rahul_Gandhi
Binyamin Ben-Eliezer	https://en.wikipedia.org/wiki/Binyamin_Ben-Eliezer
Michael Kocáb	https://en.wikipedia.org/wiki/Michael_Koc%C3%A1b
Bundestag	https://en.wikipedia.org/wiki/Bundestag
Ain Shams University	https://en.wikipedia.org/wiki/Ain_Shams_University
Union of Pro Patria and Res Publica	https://en.wikipedia.org/wiki/Isamaa
University of Concepción	https://en.wikipedia.org/wiki/University_of_Concepci%C3%B3n
Secretary of State for Education	https://en.wikipedia.org/wiki/Secretary_of_State_for_Education
Liberal Democratic Party of Russia	https://en.wikipedia.org/wiki/Liberal_Democratic_Party_of_Russia
Peter Chan	https://en.wikipedia.org/wiki/Peter_Chan
Gennady Ivanovich Yanayev	https://en.wikipedia.org/wiki/Gennady_Yanayev
John Cornyn	https://en.wikipedia.org/wiki/John_Cornyn
Social Democratic Party of Finland	https://en.wikipedia.org/wiki/Social_Democratic_Party_of_Finland
Babken Ararktsyan	https://en.wikipedia.org/wiki/Babken_Ararktsyan
Petro Poroshenko	https://en.wikipedia.org/wiki/Petro_Poroshenko
Christos Stylianides	https://en.wikipedia.org/wiki/Christos_Stylianides
Patrick McHenry	https://en.wikipedia.org/wiki/Patrick_McHenry
Alain Juppe	https://en.wikipedia.org/wiki/Alain_Jupp%C3%A9
Mark Binskin	https://en.wikipedia.org/wiki/Mark_Binskin
Ehud Barak	https://en.wikipedia.org/wiki/Ehud_Barak
Jayalalithaa	https://en.wikipedia.org/wiki/J._Jayalalithaa
Sonny Perdue	https://en.wikipedia.org/wiki/Sonny_Perdue
Nick Hækkerup	https://en.wikipedia.org/wiki/Nick_H%C3%A6kkerup
Polish People's Party	https://en.wikipedia.org/wiki/Polish_People%27s_Party
Gary Ackerman	https://en.wikipedia.org/wiki/Gary_Ackerman
Nebojsa Stefanovic	https://en.wikipedia.org/wiki/Neboj%C5%A1a_Stefanovi%C4%87
Heinz Fischer	https://en.wikipedia.org/wiki/Heinz_Fischer
Irwin Cotler	https://en.wikipedia.org/wiki/Irwin_Cotler
Jorge Arguello	https://en.wikipedia.org/wiki/Jorge_Arg%C3%BCello
Mexico	https://en.wikipedia.org/wiki/Mexico
Mohammad Javad Zarif	https://en.wikipedia.org/wiki/Mohammad_Javad_Zarif
Felipe Bulnes	https://en.wikipedia.org/wiki/Felipe_Bulnes
Anneli Jaatteenmaki	https://en.wikipedia.org/wiki/Anneli_J%C3%A4%C3%A4tteenm%C3%A4ki
Inter-American Development Bank	https://en.wikipedia.org/wiki/Inter-American_Development_Bank
Stefan Meller	https://en.wikipedia.org/wiki/Stefan_Meller
Augusto Barrera	https://en.wikipedia.org/wiki/Augusto_Barrera
Giovanni Conso	https://en.wikipedia.org/wiki/Giovanni_Conso
BP	https://en.wikipedia.org/wiki/BP
Djibouti	https://en.wikipedia.org/wiki/Djibouti
Eric Besson	https://en.wikipedia.org/wiki/%C3%89ric_Besson
Robin Cook	https://en.wikipedia.org/wiki/Robin_Cook
Yale University	https://en.wikipedia.org/wiki/Yale_University
Lynne Cheney	https://en.wikipedia.org/wiki/Lynne_Cheney
Israel	https://en.wikipedia.org/wiki/Israel
Acoustics Research Institute	https://en.wikipedia.org/wiki/Austrian_Academy_of_Sciences
Elmar Brok	https://en.wikipedia.org/wiki/Elmar_Brok
Carlos Vallejo	https://en.wikipedia.org/wiki/Carlos_Amigo_Vallejo
South Korea	https://en.wikipedia.org/wiki/South_Korea
Martin Bursík	https://en.wikipedia.org/wiki/Martin_Burs%C3%ADk
Kit Bond	https://en.wikipedia.org/wiki/Kit_Bond
Michael Flynn	https://en.wikipedia.org/wiki/Michael_Flynn
Patrick Leahy	https://en.wikipedia.org/wiki/Patrick_Leahy
Emperor Akihito	https://en.wikipedia.org/wiki/Akihito
Harrison Ford	https://en.wikipedia.org/wiki/Harrison_Ford
Stefan Löfven	https://en.wikipedia.org/wiki/Stefan_L%C3%B6fven
Abdullah Gül	https://en.wikipedia.org/wiki/Abdullah_G%C3%BCl
Kushwant Singh	https://en.wikipedia.org/wiki/Khushwant_Singh
Isabel Allende Bussi	https://en.wikipedia.org/wiki/Isabel_Allende_(politician)
Vincent Peillon	https://en.wikipedia.org/wiki/Vincent_Peillon
Menachem Begin	https://en.wikipedia.org/wiki/Menachem_Begin
University of Tunis	https://en.wikipedia.org/wiki/Tunis_University
Alberto Dumont	https://en.wikipedia.org/wiki/Alberto_Santos-Dumont
Sir Patrick Mayhew	https://en.wikipedia.org/wiki/Patrick_Mayhew
Anna Fotyga	https://en.wikipedia.org/wiki/Anna_Fotyga
