Christian Kern	https://en.wikipedia.org/wiki/Christian_Kern
Agence France-Presse	https://en.wikipedia.org/wiki/Agence_France-Presse
Dominique Bussereau	https://en.wikipedia.org/wiki/Dominique_Bussereau
Verizon	https://en.wikipedia.org/wiki/Verizon_Communications
International Atomic Energy Agency	https://en.wikipedia.org/wiki/International_Atomic_Energy_Agency
Kenneth Keith	https://en.wikipedia.org/wiki/Kenneth_Keith
Berndt Seite	https://en.wikipedia.org/wiki/Berndt_Seite
Bob Corker	https://en.wikipedia.org/wiki/Bob_Corker
Manfred Nowak	https://en.wikipedia.org/wiki/Manfred_Nowak
George Shultz	https://en.wikipedia.org/wiki/George_Shultz
Marisa Matias	https://en.wikipedia.org/wiki/Marisa_Matias
Sanna Marin	https://en.wikipedia.org/wiki/Sanna_Marin
Gérard Longuet	https://en.wikipedia.org/wiki/G%C3%A9rard_Longuet
Tom Steyer	https://en.wikipedia.org/wiki/Tom_Steyer
Aleksandr Tikhonov	https://en.wikipedia.org/wiki/Alexander_Tikhonov
Elisabeth Guigou	https://en.wikipedia.org/wiki/%C3%89lisabeth_Guigou
Douglas MacArthur	https://en.wikipedia.org/wiki/Douglas_MacArthur
Wolfgang Gerhardt	https://en.wikipedia.org/wiki/Wolfgang_Gerhardt
Vladimir Titov	https://en.wikipedia.org/wiki/Vladimir_Georgiyevich_Titov
Sahabzada Yaqub Khan	https://en.wikipedia.org/wiki/Sahabzada_Yaqub_Khan
Rachid Mohamed Rachid	https://en.wikipedia.org/wiki/Rachid_Mohamed_Rachid
Brian Schatz	https://en.wikipedia.org/wiki/Brian_Schatz
Levon Ter-Petrosyan	https://en.wikipedia.org/wiki/Levon_Ter-Petrosyan
Gérard Collomb	https://en.wikipedia.org/wiki/G%C3%A9rard_Collomb
Martin McGuinness	https://en.wikipedia.org/wiki/Martin_McGuinness
Jan Petersen	https://en.wikipedia.org/wiki/Jan_Petersen
Doris Leuthard	https://en.wikipedia.org/wiki/Doris_Leuthard
Serigne Diop	https://en.wikipedia.org/wiki/Serigne_Diop
János Áder	https://en.wikipedia.org/wiki/J%C3%A1nos_%C3%81der
Janez Drnovsek	https://en.wikipedia.org/wiki/Janez_Drnov%C5%A1ek
József Hámori	https://en.wikipedia.org/wiki/J%C3%B3zsef_H%C3%A1mori
Leos Heger	https://en.wikipedia.org/wiki/Leo%C5%A1_Heger
Michèle Alliot-Marie	https://en.wikipedia.org/wiki/Mich%C3%A8le_Alliot-Marie
Luis Echeverria Alvarez	https://en.wikipedia.org/wiki/Luis_Echeverr%C3%ADa
Ilham Aliyev	https://en.wikipedia.org/wiki/Ilham_Aliyev
Alena Arshinova	https://en.wikipedia.org/wiki/Alyona_Arshinova
John Paul II	https://en.wikipedia.org/wiki/Pope_John_Paul_II
Christian Democratic Appeal	https://en.wikipedia.org/wiki/Christian_Democratic_Appeal
Rick Santorum	https://en.wikipedia.org/wiki/Rick_Santorum
Gianni Pittella	https://en.wikipedia.org/wiki/Gianni_Pittella
António Luciano Pacheco de Sousa Franco	https://en.wikipedia.org/wiki/Ant%C3%B3nio_de_Sousa_Franco
Jim Cooper	https://en.wikipedia.org/wiki/Jim_Cooper
Karin Kneissl	https://en.wikipedia.org/wiki/Karin_Kneissl
Elisa María Avelina Carrió	https://en.wikipedia.org/wiki/Elisa_Carri%C3%B3
Cathy McMorris	https://en.wikipedia.org/wiki/Cathy_McMorris_Rodgers
Bank of America	https://en.wikipedia.org/wiki/Bank_of_America
Horst Seehofer	https://en.wikipedia.org/wiki/Horst_Seehofer
Lionel Frost Bowen	https://en.wikipedia.org/wiki/Lionel_Bowen
Dominican Republic	https://en.wikipedia.org/wiki/Dominican_Republic
Moshe Kahlon	https://en.wikipedia.org/wiki/Moshe_Kahlon
National University of San Marcos	https://en.wikipedia.org/wiki/National_University_of_San_Marcos
Vyacheslav Kyrylenko	https://en.wikipedia.org/wiki/Vyacheslav_Kyrylenko
Mike Crapo	https://en.wikipedia.org/wiki/Mike_Crapo
Caucasian Avars	https://en.wikipedia.org/wiki/Avars_(Caucasus)
Leonid Gozman	https://en.wikipedia.org/wiki/Leonid_Gozman
Vassiliki Thanou	https://en.wikipedia.org/wiki/Vassiliki_Thanou-Christophilou
Nikolai Ivanovich Ryzhkov	https://en.wikipedia.org/wiki/Nikolai_Ryzhkov
Marsha Blackburn	https://en.wikipedia.org/wiki/Marsha_Blackburn
Bob Dudley	https://en.wikipedia.org/wiki/Bob_Dudley
Mary L. Landrieu	https://en.wikipedia.org/wiki/Mary_Landrieu
Giampaolo Di Paola	https://en.wikipedia.org/wiki/Giampaolo_Di_Paola
Yang Jiechi	https://en.wikipedia.org/wiki/Yang_Jiechi
Morgan Stanley	https://en.wikipedia.org/wiki/Morgan_Stanley
Ukrainian Democratic Alliance for Reform	https://en.wikipedia.org/wiki/Ukrainian_Democratic_Alliance_for_Reform
Andres Tarand	https://en.wikipedia.org/wiki/Andres_Tarand
Elchin Efendiyev	https://en.wikipedia.org/wiki/Elchin_Afandiyev
Bongbong Marcos	https://en.wikipedia.org/wiki/Bongbong_Marcos
Denny Rehberg	https://en.wikipedia.org/wiki/Denny_Rehberg
Telecinco	https://en.wikipedia.org/wiki/Telecinco
Bahrain	https://en.wikipedia.org/wiki/Bahrain
Uladzimir Niaklajeu	https://en.wikipedia.org/wiki/Uladzimir_Nyaklyayew
Nobuo Kishi	https://en.wikipedia.org/wiki/Nobuo_Kishi
Suriname	https://en.wikipedia.org/wiki/Suriname
Didier Opertti Badan	https://en.wikipedia.org/wiki/Didier_Opertti
Anne McLellan	https://en.wikipedia.org/wiki/Anne_McLellan
Amber Rudd	https://en.wikipedia.org/wiki/Amber_Rudd
Janet Napolitano	https://en.wikipedia.org/wiki/Janet_Napolitano
Greenland	https://en.wikipedia.org/wiki/Greenland
Alberto Bustamante Belaunde	https://en.wikipedia.org/wiki/Alberto_Bustamante_Bela%C3%BAnde
Jeff Bingaman	https://en.wikipedia.org/wiki/Jeff_Bingaman
Kurt Beck	https://en.wikipedia.org/wiki/Kurt_Beck
Bank for International Settlements	https://en.wikipedia.org/wiki/Bank_for_International_Settlements
Laurent Fabius	https://en.wikipedia.org/wiki/Laurent_Fabius
Jaume Matas Palou	https://en.wikipedia.org/wiki/Jaume_Matas
Jim Yong Kim	https://en.wikipedia.org/wiki/Jim_Yong_Kim
UN Security Council	https://en.wikipedia.org/wiki/United_Nations_Security_Council
James Mattis	https://en.wikipedia.org/wiki/Jim_Mattis
General Electric	https://en.wikipedia.org/wiki/General_Electric
Manmohan Singh	https://en.wikipedia.org/wiki/Manmohan_Singh
Javier Solana	https://en.wikipedia.org/wiki/Javier_Solana
Abbasali Amid Zanjani	https://en.wikipedia.org/wiki/Abbas-Ali_Amid_Zanjani
University of British Columbia	https://en.wikipedia.org/wiki/University_of_British_Columbia
National Association for the Advancement of Colored People	https://en.wikipedia.org/wiki/NAACP
King Sihamoni	https://en.wikipedia.org/wiki/Norodom_Sihamoni
Rudy Giuliani	https://en.wikipedia.org/wiki/Rudy_Giuliani
Karla Rubilar	https://en.wikipedia.org/wiki/Karla_Rubilar
Henri Lopes	https://en.wikipedia.org/wiki/Henri_Lopes_(Congolese_politician)
Jim Jeffords	https://en.wikipedia.org/wiki/Jim_Jeffords
Ayatollah Ruhollah Khomeini	https://en.wikipedia.org/wiki/Ruhollah_Khomeini
Richard C. Shelby	https://en.wikipedia.org/wiki/Richard_Shelby
Jean-Louis Borloo	https://en.wikipedia.org/wiki/Jean-Louis_Borloo
Fleur Pellerin	https://en.wikipedia.org/wiki/Fleur_Pellerin
Eric Raoult	https://en.wikipedia.org/wiki/%C3%89ric_Raoult
Wolfgang Thierse	https://en.wikipedia.org/wiki/Wolfgang_Thierse
Alberto Núñez Feijóo	https://en.wikipedia.org/wiki/Alberto_N%C3%BA%C3%B1ez_Feij%C3%B3o
Gordon H. Smith	https://en.wikipedia.org/wiki/Gordon_H._Smith
John Brumby	https://en.wikipedia.org/wiki/John_Brumby
Gianfranco Fini	https://en.wikipedia.org/wiki/Gianfranco_Fini
Pakistan People's Party	https://en.wikipedia.org/wiki/Pakistan_People%27s_Party
Clarence Thomas	https://en.wikipedia.org/wiki/Clarence_Thomas
Yvette Cooper	https://en.wikipedia.org/wiki/Yvette_Cooper
Carlos Alberto Reutemann	https://en.wikipedia.org/wiki/Carlos_Reutemann
Cote d'Ivoire	https://en.wikipedia.org/wiki/Ivory_Coast
Jyoti Basu	https://en.wikipedia.org/wiki/Jyoti_Basu
Sabine Bergmann-Pohl	https://en.wikipedia.org/wiki/Sabine_Bergmann-Pohl
Cabinet of Greece	https://en.wikipedia.org/wiki/Cabinet_of_Greece
Maxime Verhagen	https://en.wikipedia.org/wiki/Maxime_Verhagen
José Antonio Kast	https://en.wikipedia.org/wiki/Jos%C3%A9_Antonio_Kast
Jorge Castañeda Gutman	https://en.wikipedia.org/wiki/Jorge_Casta%C3%B1eda_Gutman
Vasily Nebenzya	https://en.wikipedia.org/wiki/Vasily_Nebenzya
Oxford University	https://en.wikipedia.org/wiki/University_of_Oxford
Philippe Maystadt	https://en.wikipedia.org/wiki/Philippe_Maystadt
David Dreier	https://en.wikipedia.org/wiki/David_Dreier
University of Glasgow	https://en.wikipedia.org/wiki/University_of_Glasgow
Liu Yandong	https://en.wikipedia.org/wiki/Liu_Yandong
Vitold Fokin	https://en.wikipedia.org/wiki/Vitold_Fokin
Bill Ritter	https://en.wikipedia.org/wiki/Bill_Ritter
Carlos Basombrío	https://en.wikipedia.org/wiki/Carlos_Basombr%C3%ADo
Stanley Fischer	https://en.wikipedia.org/wiki/Stanley_Fischer
Tomorrow Party of Japan	https://en.wikipedia.org/wiki/Tomorrow_Party_of_Japan
Frank D. Lucas	https://en.wikipedia.org/wiki/Frank_Lucas_(Oklahoma_politician)
Deutsche Bank	https://en.wikipedia.org/wiki/Deutsche_Bank
Union for French Democracy	https://en.wikipedia.org/wiki/Union_for_French_Democracy
Kurt Biedenkopf	https://en.wikipedia.org/wiki/Kurt_Biedenkopf
Joaquin Balaguer	https://en.wikipedia.org/wiki/Joaqu%C3%ADn_Balaguer
Paul Cellucci	https://en.wikipedia.org/wiki/Paul_Cellucci
Dimitrios Grapsas	https://en.wikipedia.org/wiki/Dimitrios_Grapsas
Lucien Bouchard	https://en.wikipedia.org/wiki/Lucien_Bouchard
Mirek Topolánek	https://en.wikipedia.org/wiki/Mirek_Topol%C3%A1nek
Rustam Minnikhanov	https://en.wikipedia.org/wiki/Rustam_Minnikhanov
Bangladesh	https://en.wikipedia.org/wiki/Bangladesh
Panhellenic Socialist Movement	https://en.wikipedia.org/wiki/PASOK
Nurtai Abykayev	https://en.wikipedia.org/wiki/Nurtai_Abykayev
Betty Boothroyd	https://en.wikipedia.org/wiki/Betty_Boothroyd
Provisional Irish Republican Army	https://en.wikipedia.org/wiki/Provisional_Irish_Republican_Army
Ewald Nowotny	https://en.wikipedia.org/wiki/Ewald_Nowotny
Muqrin bin Abdulaziz	https://en.wikipedia.org/wiki/Muqrin_bin_Abdulaziz
Kiran Desai	https://en.wikipedia.org/wiki/Kiran_Desai
Yasuhiro Nakasone	https://en.wikipedia.org/wiki/Yasuhiro_Nakasone
Andris Vilks	https://en.wikipedia.org/wiki/Andris_Vilks
Francisco Javier Rojo García	https://en.wikipedia.org/wiki/Javier_Rojo
Malcolm Bligh Turnbull	https://en.wikipedia.org/wiki/Malcolm_Turnbull
Sudan	https://en.wikipedia.org/wiki/Sudan
Vladimir Dzhabarov	https://en.wikipedia.org/wiki/Vladimir_Dzhabarov
Avril Doyle	https://en.wikipedia.org/wiki/Avril_Doyle
Muhammad Sayyid Tantawy	https://en.wikipedia.org/wiki/Muhammad_Sayyid_Tantawy
George Tupou V	https://en.wikipedia.org/wiki/George_Tupou_V
Arnaud Montebourg	https://en.wikipedia.org/wiki/Arnaud_Montebourg
Abu Taher	https://en.wikipedia.org/wiki/Abu_Taher
Sir Zelman Cowen	https://en.wikipedia.org/wiki/Zelman_Cowen
Malala Yousafzai	https://en.wikipedia.org/wiki/Malala_Yousafzai
Czech Television	https://en.wikipedia.org/wiki/Czech_Television
Herwig van Staa	https://en.wikipedia.org/wiki/Herwig_van_Staa
National University of Colombia	https://en.wikipedia.org/wiki/National_University_of_Colombia
International Mathematical Union	https://en.wikipedia.org/wiki/International_Mathematical_Union
Sicily	https://en.wikipedia.org/wiki/Sicily
Netflix	https://en.wikipedia.org/wiki/Netflix
Telefónica	https://en.wikipedia.org/wiki/Telef%C3%B3nica
Alistair Darling	https://en.wikipedia.org/wiki/Alistair_Darling
Pascal Canfin	https://en.wikipedia.org/wiki/Pascal_Canfin
Cormac Murphy-O'Connor	https://en.wikipedia.org/wiki/Cormac_Murphy-O%27Connor
Bill de Blasio	https://en.wikipedia.org/wiki/Bill_de_Blasio
Farooq Ahmed Leghari	https://en.wikipedia.org/wiki/Farooq_Leghari
José Bono Martínez	https://en.wikipedia.org/wiki/Jos%C3%A9_Bono
Moshe Feiglin	https://en.wikipedia.org/wiki/Moshe_Feiglin
Nicolás Maduro	https://en.wikipedia.org/wiki/Nicol%C3%A1s_Maduro
Lech Walesa	https://en.wikipedia.org/wiki/Lech_Wa%C5%82%C4%99sa
Hassan Nasrallah	https://en.wikipedia.org/wiki/Hassan_Nasrallah
Li Peng	https://en.wikipedia.org/wiki/Li_Peng
University of Campinas	https://en.wikipedia.org/wiki/State_University_of_Campinas
Steve Bannon	https://en.wikipedia.org/wiki/Steve_Bannon
John G. Rowland	https://en.wikipedia.org/wiki/John_G._Rowland
Viktor Basargin	https://en.wikipedia.org/wiki/Viktor_Basargin
Nikolai Levichev	https://en.wikipedia.org/wiki/Nikolai_Levichev
René Monory	https://en.wikipedia.org/wiki/Ren%C3%A9_Monory
King Saud University	https://en.wikipedia.org/wiki/King_Saud_University
Raúl Rivero	https://en.wikipedia.org/wiki/Ra%C3%BAl_Rivero
Giannis Varoufakis	https://en.wikipedia.org/wiki/Yanis_Varoufakis
Algirdas Butkevičius	https://en.wikipedia.org/wiki/Algirdas_Butkevi%C4%8Dius
Eduard Kukan	https://en.wikipedia.org/wiki/Eduard_Kukan
Liam Byrne	https://en.wikipedia.org/wiki/Liam_Byrne
Simonetta Sommaruga	https://en.wikipedia.org/wiki/Simonetta_Sommaruga
Federal University of Bahia	https://en.wikipedia.org/wiki/Federal_University_of_Bahia
Alberto Goldman	https://en.wikipedia.org/wiki/Alberto_Goldman
Jose Octavio Bordon	https://en.wikipedia.org/wiki/Jos%C3%A9_Octavio_Bord%C3%B3n
Thomas Joseph Ridge	https://en.wikipedia.org/wiki/Tom_Ridge
Shahid Khan	https://en.wikipedia.org/wiki/Shahid_Khan
Albio Sires	https://en.wikipedia.org/wiki/Albio_Sires
Lyndon Johnson	https://en.wikipedia.org/wiki/Lyndon_B._Johnson
Charles J. Melancon	https://en.wikipedia.org/wiki/Charlie_Melan%C3%A7on
Lynn Woolsey	https://en.wikipedia.org/wiki/Lynn_Woolsey
Avraham Burg	https://en.wikipedia.org/wiki/Avraham_Burg
Richard Cheney	https://en.wikipedia.org/wiki/Dick_Cheney
Ike Skelton	https://en.wikipedia.org/wiki/Ike_Skelton
Proinsias De Rossa	https://en.wikipedia.org/wiki/Proinsias_De_Rossa
Juan Almeida Bosque	https://en.wikipedia.org/wiki/Juan_Almeida_Bosque
Bahamas	https://en.wikipedia.org/wiki/The_Bahamas
Mario Blejer	https://en.wikipedia.org/wiki/Mario_Blejer
Darrell Issa	https://en.wikipedia.org/wiki/Darrell_Issa
Harry A. Blackmun	https://en.wikipedia.org/wiki/Harry_Blackmun
Fula people	https://en.wikipedia.org/wiki/Fula_people
George Brandis	https://en.wikipedia.org/wiki/George_Brandis
Giuliano Urbani	https://en.wikipedia.org/wiki/Giuliano_Urbani
Izzat Ibrahim al-Douri	https://en.wikipedia.org/wiki/Izzat_Ibrahim_al-Douri
Mümtaz Soysal	https://en.wikipedia.org/wiki/M%C3%BCmtaz_Soysal
John F. Kennedy	https://en.wikipedia.org/wiki/John_F._Kennedy
Igor Smirnov	https://en.wikipedia.org/wiki/Igor_Smirnov
Bruno Stagno Ugarte	https://en.wikipedia.org/wiki/Bruno_Stagno_Ugarte
Riitta Uosukainen	https://en.wikipedia.org/wiki/Riitta_Uosukainen
Joe Donnelly	https://en.wikipedia.org/wiki/Joe_Donnelly
John J. Duncan, Jr.	https://en.wikipedia.org/wiki/Jimmy_Duncan_(politician)
Gregor Gysi	https://en.wikipedia.org/wiki/Gregor_Gysi
Gerrit Zalm	https://en.wikipedia.org/wiki/Gerrit_Zalm
Leon Brittan	https://en.wikipedia.org/wiki/Leon_Brittan
András Bozóki	https://en.wikipedia.org/wiki/Andr%C3%A1s_Boz%C3%B3ki
René Juárez Cisneros	https://en.wikipedia.org/wiki/Ren%C3%A9_Ju%C3%A1rez_Cisneros
Juan Jesús Posadas Ocampo	https://en.wikipedia.org/wiki/Juan_Jes%C3%BAs_Posadas_Ocampo
Sayeeda Hussain Warsi	https://en.wikipedia.org/wiki/Sayeeda_Warsi,_Baroness_Warsi
Euskal Herria Bildu	https://en.wikipedia.org/wiki/EH_Bildu
Jan Olszewski	https://en.wikipedia.org/wiki/Jan_Olszewski
Cairo University	https://en.wikipedia.org/wiki/Cairo_University
José Manuel García-Margallo	https://en.wikipedia.org/wiki/Jos%C3%A9_Manuel_Garc%C3%ADa-Margallo
Bob Etheridge	https://en.wikipedia.org/wiki/Bob_Etheridge
Memorial University of Newfoundland	https://en.wikipedia.org/wiki/Memorial_University_of_Newfoundland
Víctor Andrés García Belaúnde	https://en.wikipedia.org/wiki/V%C3%ADctor_Andr%C3%A9s_Garc%C3%ADa_Bela%C3%BAnde
Sanjeev Kumar	https://en.wikipedia.org/wiki/Sanjeev_Kumar
Jack Kemp	https://en.wikipedia.org/wiki/Jack_Kemp
Ella Pamfilova	https://en.wikipedia.org/wiki/Ella_Pamfilova
Dobri Dzhurov	https://en.wikipedia.org/wiki/Dobri_Dzhurov
Mihai Tănăsescu	https://en.wikipedia.org/wiki/Mihai_T%C4%83n%C4%83sescu
José Ramón Bauzà	https://en.wikipedia.org/wiki/Jos%C3%A9_Ram%C3%B3n_Bauz%C3%A1
Jay Inslee	https://en.wikipedia.org/wiki/Jay_Inslee
Dag Terje Andersen	https://en.wikipedia.org/wiki/Dag_Terje_Andersen
Tunisia	https://en.wikipedia.org/wiki/Tunisia
Norman Borlaug	https://en.wikipedia.org/wiki/Norman_Borlaug
Jay Carney	https://en.wikipedia.org/wiki/Jay_Carney
Domenico Corcione	https://en.wikipedia.org/wiki/Domenico_Corcione
Kim Jong Pil	https://en.wikipedia.org/wiki/Kim_Jong-pil
Peter J. Schoomaker	https://en.wikipedia.org/wiki/Peter_Schoomaker
Antonio Horvath	https://en.wikipedia.org/wiki/Antonio_Horvath
Alexander Vladimirovich Konovalov	https://en.wikipedia.org/wiki/Aleksandr_Konovalov_(politician,_born_1968)
Herb Gray	https://en.wikipedia.org/wiki/Herb_Gray
General Motors	https://en.wikipedia.org/wiki/General_Motors
Timor-Leste	https://en.wikipedia.org/wiki/East_Timor
Sergei Kovalev	https://en.wikipedia.org/wiki/Sergei_Kovalev
Mark Filip	https://en.wikipedia.org/wiki/Mark_Filip
Ana Palacio	https://en.wikipedia.org/wiki/Ana_Palacio
Equestrian Order of the Holy Sepulchre of Jerusalem	https://en.wikipedia.org/wiki/Order_of_the_Holy_Sepulchre
Jeff Rooker	https://en.wikipedia.org/wiki/Jeff_Rooker
Hassan Gouled Aptidon	https://en.wikipedia.org/wiki/Hassan_Gouled_Aptidon
Anne Hidalgo	https://en.wikipedia.org/wiki/Anne_Hidalgo
David Willetts	https://en.wikipedia.org/wiki/David_Willetts
Geert Bourgeois	https://en.wikipedia.org/wiki/Geert_Bourgeois
Mohammad Khatami	https://en.wikipedia.org/wiki/Mohammad_Khatami
Ricardo Lagos	https://en.wikipedia.org/wiki/Ricardo_Lagos
Enrique Peña Nieto	https://en.wikipedia.org/wiki/Enrique_Pe%C3%B1a_Nieto
V.P. Singh	https://en.wikipedia.org/wiki/V._P._Singh
Madeleine Albright	https://en.wikipedia.org/wiki/Madeleine_Albright
Hans-Peter Friedrich	https://en.wikipedia.org/wiki/Hans-Peter_Friedrich
Jerry Brown	https://en.wikipedia.org/wiki/Jerry_Brown
Luis García Meza	https://en.wikipedia.org/wiki/Luis_Garc%C3%ADa_Meza
Jaroslaw Kaczynski	https://en.wikipedia.org/wiki/Jaros%C5%82aw_Kaczy%C5%84ski
Lucy Turnbull	https://en.wikipedia.org/wiki/Lucy_Turnbull
International Energy Agency	https://en.wikipedia.org/wiki/International_Energy_Agency
Carlos Slim	https://en.wikipedia.org/wiki/Carlos_Slim
United Russia	https://en.wikipedia.org/wiki/United_Russia
United Australia Party	https://en.wikipedia.org/wiki/United_Australia_Party
Yegor Timurovich Gaidar	https://en.wikipedia.org/wiki/Yegor_Gaidar
Laszlo Solyom	https://en.wikipedia.org/wiki/L%C3%A1szl%C3%B3_S%C3%B3lyom
Oliver Ivanovic	https://en.wikipedia.org/wiki/Oliver_Ivanovi%C4%87
Jose Luis Rodriguez Zapatero	https://en.wikipedia.org/wiki/Jos%C3%A9_Luis_Rodr%C3%ADguez_Zapatero
Corazon Aquino	https://en.wikipedia.org/wiki/Corazon_Aquino
Togo Dennis West	https://en.wikipedia.org/wiki/Togo_D._West_Jr.
Carl-Dieter Spranger	https://en.wikipedia.org/wiki/Carl-Dieter_Spranger
Bulgarian Academy of Sciences	https://en.wikipedia.org/wiki/Bulgarian_Academy_of_Sciences
Ariel Sharon	https://en.wikipedia.org/wiki/Ariel_Sharon
Nikolai Nikiforov	https://en.wikipedia.org/wiki/Nikolay_Nikiforov
Sergei Mikhailovich Makarov	https://en.wikipedia.org/wiki/Sergei_Makarov_(ice_hockey)
Francisco Flores Pérez	https://en.wikipedia.org/wiki/Francisco_Flores_P%C3%A9rez
Eero Heinäluoma	https://en.wikipedia.org/wiki/Eero_Hein%C3%A4luoma
Kamisese Mara	https://en.wikipedia.org/wiki/Kamisese_Mara
Turks and Caicos Islands	https://en.wikipedia.org/wiki/Turks_and_Caicos_Islands
Mykola Azarov	https://en.wikipedia.org/wiki/Mykola_Azarov
Pierre Frogier	https://en.wikipedia.org/wiki/Pierre_Frogier
Swaziland	https://en.wikipedia.org/wiki/Eswatini
Canadian Forces Land Force Command	https://en.wikipedia.org/wiki/Canadian_Army
Phil Robertson	https://en.wikipedia.org/wiki/Phil_Robertson
Santiago Creel	https://en.wikipedia.org/wiki/Santiago_Creel
Jennifer Rankine	https://en.wikipedia.org/wiki/Jennifer_Rankine
Yaakov Edri	https://en.wikipedia.org/wiki/Yaakov_Edri
Zuzana Roithová	https://en.wikipedia.org/wiki/Zuzana_Roithov%C3%A1
Barbados	https://en.wikipedia.org/wiki/Barbados
Tim Holden	https://en.wikipedia.org/wiki/Tim_Holden
Agrarian Party of Russia	https://en.wikipedia.org/wiki/Agrarian_Party_of_Russia
Chief Secretary to the Treasury	https://en.wikipedia.org/wiki/Chief_Secretary_to_the_Treasury
Nita M. Lowey	https://en.wikipedia.org/wiki/Nita_Lowey
Syrian Social Nationalist Party	https://en.wikipedia.org/wiki/Syrian_Social_Nationalist_Party
Ivor Seward Richard	https://en.wikipedia.org/wiki/Ivor_Richard
Jaime Thorne Leon	https://en.wikipedia.org/wiki/Jaime_Thorne_Le%C3%B3n
Saul Lara	https://en.wikipedia.org/wiki/Sa%C3%BAl_Lara
Hubert Haenel	https://en.wikipedia.org/wiki/Hubert_Haenel
Central University of Ecuador	https://en.wikipedia.org/wiki/Central_University_of_Ecuador
Erkki Liikanen	https://en.wikipedia.org/wiki/Erkki_Liikanen
Patrick Devedjian	https://en.wikipedia.org/wiki/Patrick_Devedjian
Erwin Huber	https://en.wikipedia.org/wiki/Erwin_Huber
Alan Garcia	https://en.wikipedia.org/wiki/Alan_Garc%C3%ADa
Mikhail Ivanovich Barsukov	https://en.wikipedia.org/wiki/Mikhail_Barsukov
Katerina Batzeli	https://en.wikipedia.org/wiki/Katerina_Batzeli
Communist Party of Ukraine	https://en.wikipedia.org/wiki/Communist_Party_of_Ukraine
Brazilian Social Democracy Party	https://en.wikipedia.org/wiki/Brazilian_Social_Democracy_Party
Renate Schmidt	https://en.wikipedia.org/wiki/Renate_Schmidt
Thad Cochran	https://en.wikipedia.org/wiki/Thad_Cochran
Mohammed Zahir Shah	https://en.wikipedia.org/wiki/Mohammed_Zahir_Shah
Francis Maude	https://en.wikipedia.org/wiki/Francis_Maude
Jan Peter Balkenende	https://en.wikipedia.org/wiki/Jan_Peter_Balkenende
Ali Abdullah Saleh	https://en.wikipedia.org/wiki/Ali_Abdullah_Saleh
E.K. Nayanar	https://en.wikipedia.org/wiki/E._K._Nayanar
Abdullah bin Abdulaziz al-Saud	https://en.wikipedia.org/wiki/Abdullah_of_Saudi_Arabia
Carlos Andrés Pérez	https://en.wikipedia.org/wiki/Carlos_Andr%C3%A9s_P%C3%A9rez
Glenn Greenwald	https://en.wikipedia.org/wiki/Glenn_Greenwald
Francesco Nitto Palma	https://en.wikipedia.org/wiki/Nitto_Francesco_Palma
Alan Greenspan	https://en.wikipedia.org/wiki/Alan_Greenspan
Bernard Kouchner	https://en.wikipedia.org/wiki/Bernard_Kouchner
Bob Filner	https://en.wikipedia.org/wiki/Bob_Filner
Hafez al-Assad	https://en.wikipedia.org/wiki/Hafez_al-Assad
Oles Buzina	https://en.wikipedia.org/wiki/Oles_Buzina
Salah Tarif	https://en.wikipedia.org/wiki/Salah_Tarif
Steingrímur J. Sigfússon	https://en.wikipedia.org/wiki/Steingr%C3%ADmur_J._Sigf%C3%BAsson
Volodymyr Semynozhenko	https://en.wikipedia.org/wiki/Volodymyr_Semynozhenko
Tony Abbott	https://en.wikipedia.org/wiki/Tony_Abbott
Allan Wagner Tizón	https://en.wikipedia.org/wiki/Allan_Wagner_Tiz%C3%B3n
Mike Baird	https://en.wikipedia.org/wiki/Mike_Baird
Gilles Duceppe	https://en.wikipedia.org/wiki/Gilles_Duceppe
Timothy Dolan	https://en.wikipedia.org/wiki/Timothy_M._Dolan
Humayun Kabir	https://en.wikipedia.org/wiki/Humayun_Kabir
Peter David	https://en.wikipedia.org/wiki/Peter_David
Stephen Byers	https://en.wikipedia.org/wiki/Stephen_Byers
Spanish Army	https://en.wikipedia.org/wiki/Spanish_Army
François Hollande	https://en.wikipedia.org/wiki/Fran%C3%A7ois_Hollande
Veronika Skvortsova	https://en.wikipedia.org/wiki/Veronika_Skvortsova
Glaxosmithkline	https://en.wikipedia.org/wiki/GSK_plc
Christine Lagarde	https://en.wikipedia.org/wiki/Christine_Lagarde
Miloslav Výborný	https://en.wikipedia.org/wiki/Miloslav_V%C3%BDborn%C3%BD
Leonid Potapov	https://en.wikipedia.org/wiki/Leonid_Potapov
Zviad Gamsakhurdia	https://en.wikipedia.org/wiki/Zviad_Gamsakhurdia
Violeta Bulc	https://en.wikipedia.org/wiki/Violeta_Bulc
Ellen Johnson-Sirleaf	https://en.wikipedia.org/wiki/Ellen_Johnson_Sirleaf
Denis MacShane	https://en.wikipedia.org/wiki/Denis_MacShane
Sandinista National Liberation Front	https://en.wikipedia.org/wiki/Sandinista_National_Liberation_Front
Khamis al-Gaddafi	https://en.wikipedia.org/wiki/Khamis_Gaddafi
Kyrgyzstan	https://en.wikipedia.org/wiki/Kyrgyzstan
Volodymyr Khandohiy	https://en.wikipedia.org/wiki/Volodymyr_Khandohiy
Steffi Lemke	https://en.wikipedia.org/wiki/Steffi_Lemke
Lord Privy Seal	https://en.wikipedia.org/wiki/Lord_Privy_Seal
Charlie Baker	https://en.wikipedia.org/wiki/Charlie_Baker
Sam Farr	https://en.wikipedia.org/wiki/Sam_Farr
Yuriy Lutsenko	https://en.wikipedia.org/wiki/Yuriy_Lutsenko
Yoav Galant	https://en.wikipedia.org/wiki/Yoav_Galant
University of Latvia	https://en.wikipedia.org/wiki/University_of_Latvia
Irish Republican Army	https://en.wikipedia.org/wiki/Irish_Republican_Army
Kaushik Basu	https://en.wikipedia.org/wiki/Kaushik_Basu
Wesley K. Clark	https://en.wikipedia.org/wiki/Wesley_Clark
Thorvald Stoltenberg	https://en.wikipedia.org/wiki/Thorvald_Stoltenberg
Eisenstadt	https://en.wikipedia.org/wiki/Eisenstadt
Amy Adams	https://en.wikipedia.org/wiki/Amy_Adams
Ivan Stambolic	https://en.wikipedia.org/wiki/Ivan_Stamboli%C4%87
Jiri Dienstbier	https://en.wikipedia.org/wiki/Ji%C5%99%C3%AD_Dienstbier
Per Stig Møller	https://en.wikipedia.org/wiki/Per_Stig_M%C3%B8ller
Gus Bilirakis	https://en.wikipedia.org/wiki/Gus_Bilirakis
Kostas Simitis	https://en.wikipedia.org/wiki/Costas_Simitis
Mahmoud Hashemi Shahroudi	https://en.wikipedia.org/wiki/Mahmoud_Hashemi_Shahroudi
Heraldo Muñoz	https://en.wikipedia.org/wiki/Heraldo_Mu%C3%B1oz
Belgium	https://en.wikipedia.org/wiki/Belgium
Ramiz Mehdiyev	https://en.wikipedia.org/wiki/Ramiz_Mehdiyev
Jim Bolger	https://en.wikipedia.org/wiki/Jim_Bolger
Denis Berezovsky	https://en.wikipedia.org/wiki/Denis_Berezovsky
Connie Mack IV	https://en.wikipedia.org/wiki/Connie_Mack_IV
Solomon Islands	https://en.wikipedia.org/wiki/Solomon_Islands
Hassan II	https://en.wikipedia.org/wiki/Hassan_II_of_Morocco
Felipe Kast	https://en.wikipedia.org/wiki/Felipe_Kast
Pál Schmitt	https://en.wikipedia.org/wiki/P%C3%A1l_Schmitt
Federal University of Rio de Janeiro	https://en.wikipedia.org/wiki/Federal_University_of_Rio_de_Janeiro
European Aeronautic Defence and Space Company	https://en.wikipedia.org/wiki/Airbus
Raffi Hovannisian	https://en.wikipedia.org/wiki/Raffi_Hovannisian
Clare Short	https://en.wikipedia.org/wiki/Clare_Short
Stephen Harper	https://en.wikipedia.org/wiki/Stephen_Harper
Montenegro	https://en.wikipedia.org/wiki/Montenegro
Carl Haglund	https://en.wikipedia.org/wiki/Carl_Haglund
Wladyslaw Stasiak	https://en.wikipedia.org/wiki/W%C5%82adys%C5%82aw_Stasiak
Luxembourg	https://en.wikipedia.org/wiki/Luxembourg
Tarek William Saab	https://en.wikipedia.org/wiki/Tarek_William_Saab
Worldwide Fund for Nature	https://en.wikipedia.org/wiki/World_Wide_Fund_for_Nature
Pavel Sergeyevich Grachev	https://en.wikipedia.org/wiki/Pavel_Grachev
George Weah	https://en.wikipedia.org/wiki/George_Weah
Rosalyn Higgins	https://en.wikipedia.org/wiki/Rosalyn_Higgins,_Baroness_Higgins
Israeli Defense Forces	https://en.wikipedia.org/wiki/Israel_Defense_Forces
Jorge Acosta	https://en.wikipedia.org/wiki/Jorge_Acosta
José Montilla Aguilera	https://en.wikipedia.org/wiki/Jos%C3%A9_Montilla
Muhammad Bashir	https://en.wikipedia.org/wiki/Muhammad_Bashir
James Wolfensohn	https://en.wikipedia.org/wiki/James_Wolfensohn
Richard Bruton	https://en.wikipedia.org/wiki/Richard_Bruton
Andreas Loverdos	https://en.wikipedia.org/wiki/Andreas_Loverdos
Fredrick Chien	https://en.wikipedia.org/wiki/Fredrick_Chien
Jane Dee Hull	https://en.wikipedia.org/wiki/Jane_Dee_Hull
Sir Edward Youde	https://en.wikipedia.org/wiki/Edward_Youde
Sergio Diez	https://en.wikipedia.org/wiki/Sergio_Diez
Josep Piqué i Camps	https://en.wikipedia.org/wiki/Josep_Piqu%C3%A9
Krzysztof Skubiszewski	https://en.wikipedia.org/wiki/Krzysztof_Skubiszewski
Bonaire	https://en.wikipedia.org/wiki/Bonaire
Carwyn Jones	https://en.wikipedia.org/wiki/Carwyn_Jones
Vítor Constâncio	https://en.wikipedia.org/wiki/V%C3%ADtor_Const%C3%A2ncio
Chet Edwards	https://en.wikipedia.org/wiki/Chet_Edwards
Canaan Banana	https://en.wikipedia.org/wiki/Canaan_Banana
Viktor Uspaskich	https://en.wikipedia.org/wiki/Viktor_Uspaskich
Rosa Russo Jervolino	https://en.wikipedia.org/wiki/Rosa_Russo_Iervolino
Peng Liyuan	https://en.wikipedia.org/wiki/Peng_Liyuan
Radu Vasile	https://en.wikipedia.org/wiki/Radu_Vasile
Paul Dijoud	https://en.wikipedia.org/wiki/Paul_Dijoud
Salvador Allende	https://en.wikipedia.org/wiki/Salvador_Allende
Rudolf Hundstorfer	https://en.wikipedia.org/wiki/Rudolf_Hundstorfer
Carolyn McCarthy	https://en.wikipedia.org/wiki/Carolyn_McCarthy
Steny H. Hoyer	https://en.wikipedia.org/wiki/Steny_Hoyer
Asian Development Bank	https://en.wikipedia.org/wiki/Asian_Development_Bank
Jamal Khashoggi	https://en.wikipedia.org/wiki/Jamal_Khashoggi
United States Pacific Command	https://en.wikipedia.org/wiki/United_States_Indo-Pacific_Command
Sharad Pawar	https://en.wikipedia.org/wiki/Sharad_Pawar
Kostis Stephanopoulos	https://en.wikipedia.org/wiki/Konstantinos_Stephanopoulos
Belize	https://en.wikipedia.org/wiki/Belize
Kevin Rudd	https://en.wikipedia.org/wiki/Kevin_Rudd
Mark Shuttleworth	https://en.wikipedia.org/wiki/Mark_Shuttleworth
Majda Širca	https://en.wikipedia.org/wiki/Majda_%C5%A0irca
Thad McCotter	https://en.wikipedia.org/wiki/Thaddeus_McCotter
Ku Klux Klan	https://en.wikipedia.org/wiki/Ku_Klux_Klan
Orrin G. Hatch	https://en.wikipedia.org/wiki/Orrin_Hatch
Netherlands	https://en.wikipedia.org/wiki/Netherlands
Stephane Le Foll	https://en.wikipedia.org/wiki/St%C3%A9phane_Le_Foll
Islamic Azad University	https://en.wikipedia.org/wiki/Islamic_Azad_University
Brad Sherman	https://en.wikipedia.org/wiki/Brad_Sherman
Jerzy Kropiwnicki	https://en.wikipedia.org/wiki/Jerzy_Kropiwnicki
Secretary of State for Foreign and Commonwealth Affairs	https://en.wikipedia.org/wiki/Foreign_Secretary
Pavel Chernov	https://en.wikipedia.org/wiki/Pavel_Chernov
Ahti Karjalainen	https://en.wikipedia.org/wiki/Ahti_Karjalainen
Korean Workers Party	https://en.wikipedia.org/wiki/Workers%27_Party_of_Korea
Jean Corston	https://en.wikipedia.org/wiki/Jean_Corston,_Baroness_Corston
Oman	https://en.wikipedia.org/wiki/Oman
Iberia	https://en.wikipedia.org/wiki/Iberian_Peninsula
Nguyen Van Thieu	https://en.wikipedia.org/wiki/Nguy%E1%BB%85n_V%C4%83n_Thi%E1%BB%87u
Sofia Voultepsi	https://en.wikipedia.org/wiki/Sofia_Voultepsi
Zine El Abidine Ben Ali	https://en.wikipedia.org/wiki/Zine_El_Abidine_Ben_Ali
Ferdinand Marcos, Jr.	https://en.wikipedia.org/wiki/Bongbong_Marcos
Hellenic Broadcasting Corporation	https://en.wikipedia.org/wiki/Hellenic_Broadcasting_Corporation
Al-Azhar University	https://en.wikipedia.org/wiki/Al-Azhar_University
John Manley	https://en.wikipedia.org/wiki/John_Manley
Venezuela	https://en.wikipedia.org/wiki/Venezuela
Valdas Adamkus	https://en.wikipedia.org/wiki/Valdas_Adamkus
Joseph Stiglitz	https://en.wikipedia.org/wiki/Joseph_Stiglitz
Edi Rama	https://en.wikipedia.org/wiki/Edi_Rama
Michel Vauzelle	https://en.wikipedia.org/wiki/Michel_Vauzelle
Newt Gingrich	https://en.wikipedia.org/wiki/Newt_Gingrich
Beverley Hughes	https://en.wikipedia.org/wiki/Beverley_Hughes
Josef Pröll	https://en.wikipedia.org/wiki/Josef_Pr%C3%B6ll
České Budějovice	https://en.wikipedia.org/wiki/%C4%8Cesk%C3%A9_Bud%C4%9Bjovice
Margot Wallström	https://en.wikipedia.org/wiki/Margot_Wallstr%C3%B6m
Pablo Escobar	https://en.wikipedia.org/wiki/Pablo_Escobar
Kresimir Cosic	https://en.wikipedia.org/wiki/Kre%C5%A1imir_%C4%86osi%C4%87
Tom Harkin	https://en.wikipedia.org/wiki/Tom_Harkin
Tim Kaine	https://en.wikipedia.org/wiki/Tim_Kaine
South America	https://en.wikipedia.org/wiki/South_America
University of Buenos Aires	https://en.wikipedia.org/wiki/University_of_Buenos_Aires
Liaquat Ali	https://en.wikipedia.org/wiki/Liaquat_Ali_Khan
Fred Sinowatz	https://en.wikipedia.org/wiki/Fred_Sinowatz
Antonio Gava	https://en.wikipedia.org/wiki/Antonio_Gava
Charles Haughey	https://en.wikipedia.org/wiki/Charles_Haughey
Magomedsalam Magomedov	https://en.wikipedia.org/wiki/Magomedsalam_Magomedov
Anatolijs Gorbunovs	https://en.wikipedia.org/wiki/Anatolijs_Gorbunovs
Alan Duncan	https://en.wikipedia.org/wiki/Alan_Duncan
Council of Europe	https://en.wikipedia.org/wiki/Council_of_Europe
Karl Schlögl	https://en.wikipedia.org/wiki/Karl_Schl%C3%B6gl
Academia Sinica	https://en.wikipedia.org/wiki/Academia_Sinica
William Cohen	https://en.wikipedia.org/wiki/William_Cohen
Masahide Ota	https://en.wikipedia.org/wiki/Masahide_%C5%8Cta
Henk Kamp	https://en.wikipedia.org/wiki/Henk_Kamp
Stoyan Ganev	https://en.wikipedia.org/wiki/Stoyan_Ganev
Dale Bumpers	https://en.wikipedia.org/wiki/Dale_Bumpers
Gabriela Michetti	https://en.wikipedia.org/wiki/Gabriela_Michetti
Vytenis Povilas Andriukaitis	https://en.wikipedia.org/wiki/Vytenis_Andriukaitis
Balearic Islands	https://en.wikipedia.org/wiki/Balearic_Islands
Latin America	https://en.wikipedia.org/wiki/Latin_America
Mike Nahan	https://en.wikipedia.org/wiki/Mike_Nahan
Jeremy Clarkson	https://en.wikipedia.org/wiki/Jeremy_Clarkson
James P. McGovern	https://en.wikipedia.org/wiki/Jim_McGovern_(American_politician)
Oscar Arnulfo Romero	https://en.wikipedia.org/wiki/%C3%93scar_Romero
Jorge Noguera Cotes	https://en.wikipedia.org/wiki/Jorge_Noguera_Cotes
Sir Menzies Campbell	https://en.wikipedia.org/wiki/Menzies_Campbell
Moldova	https://en.wikipedia.org/wiki/Moldova
Andrej Babis	https://en.wikipedia.org/wiki/Andrej_Babi%C5%A1
